subject_id,age,education_code,education_name,gender_code,gender_name,handedness_code,handedness_name,spectacle_code,spectacle_name,text2_category_code,text2_category_name,path_full_form,path_text1_image,path_text2_image,path_json,path_chars_folder,text1_word_count,text1_char_count,text2_word_count,text2_char_count,total_word_count,total_char_count,lines_text1,lines_text2,lines_total
1,18,3,High School,0,Female,0,Right-handed,1,Uses glasses,3,Technology,MPHD\001-183001_3\001-183001_3.png,MPHD\001-183001_3\001-T1.png,MPHD\001-183001_3\001-T2-3.png,MPHD\001-183001_3\001-183001_3.json,MPHD\001-183001_3\Chars,80,368,71,302,151,670,5,5,10
2,18,3,High School,0,Female,0,Right-handed,0,No glasses,3,Technology,MPHD\002-183000_3\002-183000_3.png,MPHD\002-183000_3\002-T1.png,MPHD\002-183000_3\002-T2-3.png,MPHD\002-183000_3\002-183000_3.json,MPHD\002-183000_3\Chars,80,368,68,306,148,674,5,4,9
3,18,3,High School,0,Female,0,Right-handed,0,No glasses,3,Technology,MPHD\003-183000_3\003-183000_3.png,MPHD\003-183000_3\003-T1.png,MPHD\003-183000_3\003-T2-3.png,MPHD\003-183000_3\003-183000_3.json,MPHD\003-183000_3\Chars,80,368,81,346,161,714,5,5,10
4,18,3,High School,0,Female,0,Right-handed,1,Uses glasses,3,Technology,MPHD\004-183001_3\004-183001_3.png,MPHD\004-183001_3\004-T1.png,MPHD\004-183001_3\004-T2-3.png,MPHD\004-183001_3\004-183001_3.json,MPHD\004-183001_3\Chars,80,368,94,377,174,745,5,5,10
5,18,3,High School,0,Female,0,Right-handed,0,No glasses,3,Technology,MPHD\005-183000_3\005-183000_3.png,MPHD\005-183000_3\005-T1.png,MPHD\005-183000_3\005-T2-3.png,MPHD\005-183000_3\005-183000_3.json,MPHD\005-183000_3\Chars,80,368,80,360,160,728,5,5,10
6,18,3,High School,0,Female,0,Right-handed,0,No glasses,3,Technology,MPHD\006-183000_3\006-183000_3.png,MPHD\006-183000_3\006-T1.png,MPHD\006-183000_3\006-T2-3.png,MPHD\006-183000_3\006-183000_3.json,MPHD\006-183000_3\Chars,80,368,77,305,157,673,6,5,11
7,18,3,High School,0,Female,0,Right-handed,0,No glasses,3,Technology,MPHD\007-183000_3\007-183000_3.png,MPHD\007-183000_3\007-T1.png,MPHD\007-183000_3\007-T2-3.png,MPHD\007-183000_3\007-183000_3.json,MPHD\007-183000_3\Chars,80,368,94,382,174,750,5,5,10
8,17,3,High School,0,Female,0,Right-handed,0,No glasses,3,Technology,MPHD\008-173000_3\008-173000_3.png,MPHD\008-173000_3\008-T1.png,MPHD\008-173000_3\008-T2-3.png,MPHD\008-173000_3\008-173000_3.json,MPHD\008-173000_3\Chars,80,368,63,269,143,637,5,4,9
9,17,3,High School,0,Female,0,Right-handed,0,No glasses,3,Technology,MPHD\009-173000_3\009-173000_3.png,MPHD\009-173000_3\009-T1.png,MPHD\009-173000_3\009-T2-3.png,MPHD\009-173000_3\009-173000_3.json,MPHD\009-173000_3\Chars,80,368,76,321,156,689,6,5,11
10,17,3,High School,0,Female,0,Right-handed,0,No glasses,3,Technology,MPHD\010-173000_3\010-173000_3.png,MPHD\010-173000_3\010-T1.png,MPHD\010-173000_3\010-T2-3.png,MPHD\010-173000_3\010-173000_3.json,MPHD\010-173000_3\Chars,80,368,60,243,140,611,5,4,9
11,18,3,High School,0,Female,0,Right-handed,1,Uses glasses,3,Technology,MPHD\011-183001_3\011-183001_3.png,MPHD\011-183001_3\011-T1.png,MPHD\011-183001_3\011-T2-3.png,MPHD\011-183001_3\011-183001_3.json,MPHD\011-183001_3\Chars,80,368,74,319,154,687,5,5,10
12,18,3,High School,0,Female,0,Right-handed,0,No glasses,3,Technology,MPHD\012-183000_3\012-183000_3.png,MPHD\012-183000_3\012-T1.png,MPHD\012-183000_3\012-T2-3.png,MPHD\012-183000_3\012-183000_3.json,MPHD\012-183000_3\Chars,80,368,72,301,152,669,6,6,12
13,18,3,High School,0,Female,0,Right-handed,0,No glasses,3,Technology,MPHD\013-183000_3\013-183000_3.png,MPHD\013-183000_3\013-T1.png,MPHD\013-183000_3\013-T2-3.png,MPHD\013-183000_3\013-183000_3.json,MPHD\013-183000_3\Chars,80,368,55,248,135,616,5,4,9
14,18,3,High School,0,Female,0,Right-handed,0,No glasses,3,Technology,MPHD\014-183000_3\014-183000_3.png,MPHD\014-183000_3\014-T1.png,MPHD\014-183000_3\014-T2-3.png,MPHD\014-183000_3\014-183000_3.json,MPHD\014-183000_3\Chars,80,368,75,326,155,694,5,5,10
15,17,3,High School,0,Female,1,Left-handed,0,No glasses,3,Technology,MPHD\015-173010_3\015-173010_3.png,MPHD\015-173010_3\015-T1.png,MPHD\015-173010_3\015-T2-3.png,MPHD\015-173010_3\015-173010_3.json,MPHD\015-173010_3\Chars,80,368,67,284,147,652,5,4,9
16,17,3,High School,0,Female,0,Right-handed,0,No glasses,3,Technology,MPHD\016-173000_3\016-173000_3.png,MPHD\016-173000_3\016-T1.png,MPHD\016-173000_3\016-T2-3.png,MPHD\016-173000_3\016-173000_3.json,MPHD\016-173000_3\Chars,80,368,60,311,140,679,5,4,9
17,17,3,High School,0,Female,0,Right-handed,0,No glasses,3,Technology,MPHD\017-173000_3\017-173000_3.png,MPHD\017-173000_3\017-T1.png,MPHD\017-173000_3\017-T2-3.png,MPHD\017-173000_3\017-173000_3.json,MPHD\017-173000_3\Chars,80,368,67,303,147,671,5,4,9
18,17,3,High School,0,Female,0,Right-handed,0,No glasses,3,Technology,MPHD\018-173000_3\018-173000_3.png,MPHD\018-173000_3\018-T1.png,MPHD\018-173000_3\018-T2-3.png,MPHD\018-173000_3\018-173000_3.json,MPHD\018-173000_3\Chars,80,368,65,287,145,655,5,6,11
19,18,3,High School,0,Female,0,Right-handed,0,No glasses,3,Technology,MPHD\019-183000_3\019-183000_3.png,MPHD\019-183000_3\019-T1.png,MPHD\019-183000_3\019-T2-3.png,MPHD\019-183000_3\019-183000_3.json,MPHD\019-183000_3\Chars,80,368,94,365,174,733,5,5,10
20,17,3,High School,0,Female,1,Left-handed,1,Uses glasses,3,Technology,MPHD\020-173011_3\020-173011_3.png,MPHD\020-173011_3\020-T1.png,MPHD\020-173011_3\020-T2-3.png,MPHD\020-173011_3\020-173011_3.json,MPHD\020-173011_3\Chars,80,368,74,320,154,688,7,6,13
21,18,3,High School,0,Female,0,Right-handed,0,No glasses,3,Technology,MPHD\021-183000_3\021-183000_3.png,MPHD\021-183000_3\021-T1.png,MPHD\021-183000_3\021-T2-3.png,MPHD\021-183000_3\021-183000_3.json,MPHD\021-183000_3\Chars,80,368,92,451,172,819,5,6,11
22,18,3,High School,0,Female,0,Right-handed,1,Uses glasses,3,Technology,MPHD\022-183001_3\022-183001_3.png,MPHD\022-183001_3\022-T1.png,MPHD\022-183001_3\022-T2-3.png,MPHD\022-183001_3\022-183001_3.json,MPHD\022-183001_3\Chars,80,368,100,381,180,749,6,6,12
23,18,3,High School,0,Female,0,Right-handed,1,Uses glasses,3,Technology,MPHD\023-183001_3\023-183001_3.png,MPHD\023-183001_3\023-T1.png,MPHD\023-183001_3\023-T2-3.png,MPHD\023-183001_3\023-183001_3.json,MPHD\023-183001_3\Chars,80,368,69,313,149,681,5,4,9
24,17,3,High School,0,Female,0,Right-handed,1,Uses glasses,3,Technology,MPHD\024-173001_3\024-173001_3.png,MPHD\024-173001_3\024-T1.png,MPHD\024-173001_3\024-T2-3.png,MPHD\024-173001_3\024-173001_3.json,MPHD\024-173001_3\Chars,80,368,73,273,153,641,5,4,9
25,18,3,High School,0,Female,0,Right-handed,1,Uses glasses,3,Technology,MPHD\025-183001_3\025-183001_3.png,MPHD\025-183001_3\025-T1.png,MPHD\025-183001_3\025-T2-3.png,MPHD\025-183001_3\025-183001_3.json,MPHD\025-183001_3\Chars,80,368,76,373,156,741,5,4,9
26,18,3,High School,0,Female,0,Right-handed,0,No glasses,3,Technology,MPHD\026-183000_3\026-183000_3.png,MPHD\026-183000_3\026-T1.png,MPHD\026-183000_3\026-T2-3.png,MPHD\026-183000_3\026-183000_3.json,MPHD\026-183000_3\Chars,80,368,90,410,170,778,5,5,10
27,18,3,High School,0,Female,0,Right-handed,0,No glasses,3,Technology,MPHD\027-183000_3\027-183000_3.png,MPHD\027-183000_3\027-T1.png,MPHD\027-183000_3\027-T2-3.png,MPHD\027-183000_3\027-183000_3.json,MPHD\027-183000_3\Chars,80,368,71,350,151,718,6,5,11
28,17,3,High School,0,Female,0,Right-handed,0,No glasses,3,Technology,MPHD\028-173000_3\028-173000_3.png,MPHD\028-173000_3\028-T1.png,MPHD\028-173000_3\028-T2-3.png,MPHD\028-173000_3\028-173000_3.json,MPHD\028-173000_3\Chars,80,368,85,344,165,712,5,7,12
29,17,3,High School,0,Female,0,Right-handed,0,No glasses,3,Technology,MPHD\029-173000_3\029-173000_3.png,MPHD\029-173000_3\029-T1.png,MPHD\029-173000_3\029-T2-3.png,MPHD\029-173000_3\029-173000_3.json,MPHD\029-173000_3\Chars,80,368,85,320,165,688,6,5,11
30,17,3,High School,0,Female,0,Right-handed,1,Uses glasses,3,Technology,MPHD\030-173001_3\030-173001_3.png,MPHD\030-173001_3\030-T1.png,MPHD\030-173001_3\030-T2-3.png,MPHD\030-173001_3\030-173001_3.json,MPHD\030-173001_3\Chars,80,368,61,318,141,686,5,4,9
31,17,3,High School,0,Female,0,Right-handed,0,No glasses,3,Technology,MPHD\031-173000_3\031-173000_3.png,MPHD\031-173000_3\031-T1.png,MPHD\031-173000_3\031-T2-3.png,MPHD\031-173000_3\031-173000_3.json,MPHD\031-173000_3\Chars,80,368,88,362,168,730,5,5,10
32,18,3,High School,0,Female,0,Right-handed,0,No glasses,3,Technology,MPHD\032-183000_3\032-183000_3.png,MPHD\032-183000_3\032-T1.png,MPHD\032-183000_3\032-T2-3.png,MPHD\032-183000_3\032-183000_3.json,MPHD\032-183000_3\Chars,80,368,86,403,166,771,6,5,11
33,17,3,High School,0,Female,0,Right-handed,0,No glasses,3,Technology,MPHD\033-173000_3\033-173000_3.png,MPHD\033-173000_3\033-T1.png,MPHD\033-173000_3\033-T2-3.png,MPHD\033-173000_3\033-173000_3.json,MPHD\033-173000_3\Chars,80,368,86,366,166,734,5,5,10
34,18,3,High School,0,Female,0,Right-handed,0,No glasses,3,Technology,MPHD\034-183000_3\034-183000_3.png,MPHD\034-183000_3\034-T1.png,MPHD\034-183000_3\034-T2-3.png,MPHD\034-183000_3\034-183000_3.json,MPHD\034-183000_3\Chars,80,368,75,315,155,683,6,6,12
35,18,3,High School,0,Female,0,Right-handed,0,No glasses,3,Technology,MPHD\035-183000_3\035-183000_3.png,MPHD\035-183000_3\035-T1.png,MPHD\035-183000_3\035-T2-3.png,MPHD\035-183000_3\035-183000_3.json,MPHD\035-183000_3\Chars,80,368,65,296,145,664,5,4,9
36,18,3,High School,0,Female,0,Right-handed,0,No glasses,3,Technology,MPHD\036-183000_3\036-183000_3.png,MPHD\036-183000_3\036-T1.png,MPHD\036-183000_3\036-T2-3.png,MPHD\036-183000_3\036-183000_3.json,MPHD\036-183000_3\Chars,80,368,87,343,167,711,6,5,11
37,18,3,High School,0,Female,0,Right-handed,1,Uses glasses,3,Technology,MPHD\037-183001_3\037-183001_3.png,MPHD\037-183001_3\037-T1.png,MPHD\037-183001_3\037-T2-3.png,MPHD\037-183001_3\037-183001_3.json,MPHD\037-183001_3\Chars,80,368,71,309,151,677,6,5,11
38,18,3,High School,0,Female,0,Right-handed,1,Uses glasses,3,Technology,MPHD\038-183001_3\038-183001_3.png,MPHD\038-183001_3\038-T1.png,MPHD\038-183001_3\038-T2-3.png,MPHD\038-183001_3\038-183001_3.json,MPHD\038-183001_3\Chars,80,368,84,342,164,710,6,5,11
39,17,3,High School,0,Female,0,Right-handed,0,No glasses,3,Technology,MPHD\039-173000_3\039-173000_3.png,MPHD\039-173000_3\039-T1.png,MPHD\039-173000_3\039-T2-3.png,MPHD\039-173000_3\039-173000_3.json,MPHD\039-173000_3\Chars,80,368,74,334,154,702,8,7,15
40,17,3,High School,0,Female,1,Left-handed,0,No glasses,3,Technology,MPHD\040-173010_3\040-173010_3.png,MPHD\040-173010_3\040-T1.png,MPHD\040-173010_3\040-T2-3.png,MPHD\040-173010_3\040-173010_3.json,MPHD\040-173010_3\Chars,80,368,74,307,154,675,5,5,10
41,18,3,High School,0,Female,0,Right-handed,1,Uses glasses,3,Technology,MPHD\041-183001_3\041-183001_3.png,MPHD\041-183001_3\041-T1.png,MPHD\041-183001_3\041-T2-3.png,MPHD\041-183001_3\041-183001_3.json,MPHD\041-183001_3\Chars,80,368,56,229,136,597,5,3,8
42,17,3,High School,0,Female,0,Right-handed,0,No glasses,3,Technology,MPHD\042-173000_3\042-173000_3.png,MPHD\042-173000_3\042-T1.png,MPHD\042-173000_3\042-T2-3.png,MPHD\042-173000_3\042-173000_3.json,MPHD\042-173000_3\Chars,80,368,64,308,144,676,5,4,9
43,18,3,High School,0,Female,0,Right-handed,1,Uses glasses,3,Technology,MPHD\043-183001_3\043-183001_3.png,MPHD\043-183001_3\043-T1.png,MPHD\043-183001_3\043-T2-3.png,MPHD\043-183001_3\043-183001_3.json,MPHD\043-183001_3\Chars,80,368,56,261,136,629,5,3,8
44,18,3,High School,0,Female,1,Left-handed,1,Uses glasses,3,Technology,MPHD\044-183011_3\044-183011_3.png,MPHD\044-183011_3\044-T1.png,MPHD\044-183011_3\044-T2-3.png,MPHD\044-183011_3\044-183011_3.json,MPHD\044-183011_3\Chars,80,368,78,350,158,718,5,5,10
45,17,3,High School,0,Female,0,Right-handed,0,No glasses,3,Technology,MPHD\045-173000_3\045-173000_3.png,MPHD\045-173000_3\045-T1.png,MPHD\045-173000_3\045-T2-3.png,MPHD\045-173000_3\045-173000_3.json,MPHD\045-173000_3\Chars,80,368,84,340,164,708,5,5,10
46,18,3,High School,0,Female,0,Right-handed,0,No glasses,3,Technology,MPHD\046-183000_3\046-183000_3.png,MPHD\046-183000_3\046-T1.png,MPHD\046-183000_3\046-T2-3.png,MPHD\046-183000_3\046-183000_3.json,MPHD\046-183000_3\Chars,80,368,84,369,164,737,5,5,10
47,17,3,High School,0,Female,1,Left-handed,0,No glasses,3,Technology,MPHD\047-173010_3\047-173010_3.png,MPHD\047-173010_3\047-T1.png,MPHD\047-173010_3\047-T2-3.png,MPHD\047-173010_3\047-173010_3.json,MPHD\047-173010_3\Chars,80,368,61,271,141,639,6,5,11
48,17,3,High School,0,Female,0,Right-handed,1,Uses glasses,3,Technology,MPHD\048-173001_3\048-173001_3.png,MPHD\048-173001_3\048-T1.png,MPHD\048-173001_3\048-T2-3.png,MPHD\048-173001_3\048-173001_3.json,MPHD\048-173001_3\Chars,80,368,100,458,180,826,6,7,13
49,17,3,High School,0,Female,0,Right-handed,0,No glasses,3,Technology,MPHD\049-173000_3\049-173000_3.png,MPHD\049-173000_3\049-T1.png,MPHD\049-173000_3\049-T2-3.png,MPHD\049-173000_3\049-173000_3.json,MPHD\049-173000_3\Chars,80,368,94,365,174,733,5,5,10
50,17,3,High School,0,Female,1,Left-handed,0,No glasses,3,Technology,MPHD\050-173010_3\050-173010_3.png,MPHD\050-173010_3\050-T1.png,MPHD\050-173010_3\050-T2-3.png,MPHD\050-173010_3\050-173010_3.json,MPHD\050-173010_3\Chars,80,368,63,281,143,649,5,4,9
51,15,2,Secondary School,0,Female,0,Right-handed,0,No glasses,4,Economy,MPHD\051-152000_4\051-152000_4.png,MPHD\051-152000_4\051-T1.png,MPHD\051-152000_4\051-T2-4.png,MPHD\051-152000_4\051-152000_4.json,MPHD\051-152000_4\Chars,80,368,85,339,165,707,5,5,10
52,15,2,Secondary School,0,Female,0,Right-handed,1,Uses glasses,4,Economy,MPHD\052-152001_4\052-152001_4.png,MPHD\052-152001_4\052-T1.png,MPHD\052-152001_4\052-T2-4.png,MPHD\052-152001_4\052-152001_4.json,MPHD\052-152001_4\Chars,80,368,87,350,167,718,6,6,12
53,15,2,Secondary School,0,Female,1,Left-handed,0,No glasses,4,Economy,MPHD\053-152010_4\053-152010_4.png,MPHD\053-152010_4\053-T1.png,MPHD\053-152010_4\053-T2-4.png,MPHD\053-152010_4\053-152010_4.json,MPHD\053-152010_4\Chars,80,368,80,352,160,720,5,5,10
54,16,2,Secondary School,0,Female,0,Right-handed,0,No glasses,4,Economy,MPHD\054-162000_4\054-162000_4.png,MPHD\054-162000_4\054-T1.png,MPHD\054-162000_4\054-T2-4.png,MPHD\054-162000_4\054-162000_4.json,MPHD\054-162000_4\Chars,80,368,78,350,158,718,5,5,10
55,15,2,Secondary School,0,Female,0,Right-handed,0,No glasses,4,Economy,MPHD\055-152000_4\055-152000_4.png,MPHD\055-152000_4\055-T1.png,MPHD\055-152000_4\055-T2-4.png,MPHD\055-152000_4\055-152000_4.json,MPHD\055-152000_4\Chars,80,368,80,321,160,689,6,6,12
56,15,2,Secondary School,0,Female,0,Right-handed,0,No glasses,4,Economy,MPHD\056-152000_4\056-152000_4.png,MPHD\056-152000_4\056-T1.png,MPHD\056-152000_4\056-T2-4.png,MPHD\056-152000_4\056-152000_4.json,MPHD\056-152000_4\Chars,80,368,73,309,153,677,5,4,9
57,16,2,Secondary School,0,Female,0,Right-handed,0,No glasses,4,Economy,MPHD\057-162000_4\057-162000_4.png,MPHD\057-162000_4\057-T1.png,MPHD\057-162000_4\057-T2-4.png,MPHD\057-162000_4\057-162000_4.json,MPHD\057-162000_4\Chars,80,368,88,346,168,714,5,5,10
58,16,2,Secondary School,0,Female,0,Right-handed,0,No glasses,4,Economy,MPHD\058-162000_4\058-162000_4.png,MPHD\058-162000_4\058-T1.png,MPHD\058-162000_4\058-T2-4.png,MPHD\058-162000_4\058-162000_4.json,MPHD\058-162000_4\Chars,80,368,84,304,164,672,5,4,9
59,16,2,Secondary School,0,Female,0,Right-handed,0,No glasses,4,Economy,MPHD\059-162000_4\059-162000_4.png,MPHD\059-162000_4\059-T1.png,MPHD\059-162000_4\059-T2-4.png,MPHD\059-162000_4\059-162000_4.json,MPHD\059-162000_4\Chars,80,368,83,327,163,695,5,5,10
60,15,2,Secondary School,0,Female,0,Right-handed,1,Uses glasses,4,Economy,MPHD\060-152001_4\060-152001_4.png,MPHD\060-152001_4\060-T1.png,MPHD\060-152001_4\060-T2-4.png,MPHD\060-152001_4\060-152001_4.json,MPHD\060-152001_4\Chars,80,368,81,387,161,755,5,6,11
61,15,2,Secondary School,0,Female,0,Right-handed,0,No glasses,4,Economy,MPHD\061-152000_4\061-152000_4.png,MPHD\061-152000_4\061-T1.png,MPHD\061-152000_4\061-T2-4.png,MPHD\061-152000_4\061-152000_4.json,MPHD\061-152000_4\Chars,80,368,73,333,153,701,5,4,9
62,15,2,Secondary School,0,Female,0,Right-handed,0,No glasses,4,Economy,MPHD\062-152000_4\062-152000_4.png,MPHD\062-152000_4\062-T1.png,MPHD\062-152000_4\062-T2-4.png,MPHD\062-152000_4\062-152000_4.json,MPHD\062-152000_4\Chars,80,368,64,261,144,629,5,3,8
63,15,2,Secondary School,0,Female,0,Right-handed,1,Uses glasses,4,Economy,MPHD\063-152001_4\063-152001_4.png,MPHD\063-152001_4\063-T1.png,MPHD\063-152001_4\063-T2-4.png,MPHD\063-152001_4\063-152001_4.json,MPHD\063-152001_4\Chars,80,368,80,305,160,673,5,4,9
64,14,2,Secondary School,0,Female,0,Right-handed,0,No glasses,4,Economy,MPHD\064-142000_4\064-142000_4.png,MPHD\064-142000_4\064-T1.png,MPHD\064-142000_4\064-T2-4.png,MPHD\064-142000_4\064-142000_4.json,MPHD\064-142000_4\Chars,80,368,79,320,159,688,5,4,9
65,14,2,Secondary School,0,Female,0,Right-handed,0,No glasses,4,Economy,MPHD\065-142000_4\065-142000_4.png,MPHD\065-142000_4\065-T1.png,MPHD\065-142000_4\065-T2-4.png,MPHD\065-142000_4\065-142000_4.json,MPHD\065-142000_4\Chars,80,368,77,300,157,668,5,5,10
66,15,2,Secondary School,0,Female,0,Right-handed,1,Uses glasses,4,Economy,MPHD\066-152001_4\066-152001_4.png,MPHD\066-152001_4\066-T1.png,MPHD\066-152001_4\066-T2-4.png,MPHD\066-152001_4\066-152001_4.json,MPHD\066-152001_4\Chars,80,368,84,418,164,786,5,5,10
67,14,2,Secondary School,0,Female,0,Right-handed,0,No glasses,4,Economy,MPHD\067-142000_4\067-142000_4.png,MPHD\067-142000_4\067-T1.png,MPHD\067-142000_4\067-T2-4.png,MPHD\067-142000_4\067-142000_4.json,MPHD\067-142000_4\Chars,80,368,78,302,158,670,4,4,8
68,16,2,Secondary School,0,Female,0,Right-handed,0,No glasses,4,Economy,MPHD\068-162000_4\068-162000_4.png,MPHD\068-162000_4\068-T1.png,MPHD\068-162000_4\068-T2-4.png,MPHD\068-162000_4\068-162000_4.json,MPHD\068-162000_4\Chars,80,368,73,294,153,662,6,6,12
69,16,2,Secondary School,0,Female,0,Right-handed,1,Uses glasses,4,Economy,MPHD\069-162001_4\069-162001_4.png,MPHD\069-162001_4\069-T1.png,MPHD\069-162001_4\069-T2-4.png,MPHD\069-162001_4\069-162001_4.json,MPHD\069-162001_4\Chars,80,368,83,352,163,720,6,5,11
70,16,2,Secondary School,0,Female,0,Right-handed,0,No glasses,4,Economy,MPHD\070-162000_4\070-162000_4.png,MPHD\070-162000_4\070-T1.png,MPHD\070-162000_4\070-T2-4.png,MPHD\070-162000_4\070-162000_4.json,MPHD\070-162000_4\Chars,80,368,91,356,171,724,5,6,11
71,14,2,Secondary School,0,Female,0,Right-handed,0,No glasses,4,Economy,MPHD\071-142000_4\071-142000_4.png,MPHD\071-142000_4\071-T1.png,MPHD\071-142000_4\071-T2-4.png,MPHD\071-142000_4\071-142000_4.json,MPHD\071-142000_4\Chars,80,368,93,342,173,710,5,5,10
72,16,2,Secondary School,0,Female,1,Left-handed,1,Uses glasses,4,Economy,MPHD\072-162011_4\072-162011_4.png,MPHD\072-162011_4\072-T1.png,MPHD\072-162011_4\072-T2-4.png,MPHD\072-162011_4\072-162011_4.json,MPHD\072-162011_4\Chars,80,368,83,354,163,722,6,5,11
73,15,2,Secondary School,0,Female,1,Left-handed,1,Uses glasses,4,Economy,MPHD\073-152011_4\073-152011_4.png,MPHD\073-152011_4\073-T1.png,MPHD\073-152011_4\073-T2-4.png,MPHD\073-152011_4\073-152011_4.json,MPHD\073-152011_4\Chars,80,368,85,333,165,701,5,4,9
74,15,2,Secondary School,0,Female,0,Right-handed,0,No glasses,4,Economy,MPHD\074-152000_4\074-152000_4.png,MPHD\074-152000_4\074-T1.png,MPHD\074-152000_4\074-T2-4.png,MPHD\074-152000_4\074-152000_4.json,MPHD\074-152000_4\Chars,80,368,75,306,155,674,5,5,10
75,15,2,Secondary School,0,Female,0,Right-handed,0,No glasses,4,Economy,MPHD\075-152000_4\075-152000_4.png,MPHD\075-152000_4\075-T1.png,MPHD\075-152000_4\075-T2-4.png,MPHD\075-152000_4\075-152000_4.json,MPHD\075-152000_4\Chars,80,368,76,334,156,702,6,6,12
76,15,2,Secondary School,0,Female,0,Right-handed,0,No glasses,4,Economy,MPHD\076-152000_4\076-152000_4.png,MPHD\076-152000_4\076-T1.png,MPHD\076-152000_4\076-T2-4.png,MPHD\076-152000_4\076-152000_4.json,MPHD\076-152000_4\Chars,81,373,77,339,158,712,7,6,13
77,14,2,Secondary School,0,Female,0,Right-handed,0,No glasses,4,Economy,MPHD\077-142000_4\077-142000_4.png,MPHD\077-142000_4\077-T1.png,MPHD\077-142000_4\077-T2-4.png,MPHD\077-142000_4\077-142000_4.json,MPHD\077-142000_4\Chars,81,365,97,391,178,756,6,6,12
78,15,2,Secondary School,0,Female,0,Right-handed,1,Uses glasses,4,Economy,MPHD\078-152001_4\078-152001_4.png,MPHD\078-152001_4\078-T1.png,MPHD\078-152001_4\078-T2-4.png,MPHD\078-152001_4\078-152001_4.json,MPHD\078-152001_4\Chars,80,368,71,303,151,671,5,4,9
79,15,2,Secondary School,0,Female,0,Right-handed,0,No glasses,4,Economy,MPHD\079-152000_4\079-152000_4.png,MPHD\079-152000_4\079-T1.png,MPHD\079-152000_4\079-T2-4.png,MPHD\079-152000_4\079-152000_4.json,MPHD\079-152000_4\Chars,80,368,89,381,169,749,5,5,10
80,14,2,Secondary School,0,Female,0,Right-handed,0,No glasses,4,Economy,MPHD\080-142000_4\080-142000_4.png,MPHD\080-142000_4\080-T1.png,MPHD\080-142000_4\080-T2-4.png,MPHD\080-142000_4\080-142000_4.json,MPHD\080-142000_4\Chars,80,368,76,355,156,723,5,5,10
81,15,2,Secondary School,0,Female,0,Right-handed,0,No glasses,4,Economy,MPHD\081-152000_4\081-152000_4.png,MPHD\081-152000_4\081-T1.png,MPHD\081-152000_4\081-T2-4.png,MPHD\081-152000_4\081-152000_4.json,MPHD\081-152000_4\Chars,80,368,86,368,166,736,6,6,12
82,14,2,Secondary School,0,Female,0,Right-handed,0,No glasses,4,Economy,MPHD\082-142000_4\082-142000_4.png,MPHD\082-142000_4\082-T1.png,MPHD\082-142000_4\082-T2-4.png,MPHD\082-142000_4\082-142000_4.json,MPHD\082-142000_4\Chars,80,368,94,429,174,797,5,7,12
83,14,2,Secondary School,0,Female,0,Right-handed,0,No glasses,4,Economy,MPHD\083-142000_4\083-142000_4.png,MPHD\083-142000_4\083-T1.png,MPHD\083-142000_4\083-T2-4.png,MPHD\083-142000_4\083-142000_4.json,MPHD\083-142000_4\Chars,80,368,94,453,174,821,6,7,13
84,15,2,Secondary School,0,Female,0,Right-handed,0,No glasses,4,Economy,MPHD\084-152000_4\084-152000_4.png,MPHD\084-152000_4\084-T1.png,MPHD\084-152000_4\084-T2-4.png,MPHD\084-152000_4\084-152000_4.json,MPHD\084-152000_4\Chars,80,368,75,301,155,669,6,5,11
85,15,2,Secondary School,0,Female,0,Right-handed,0,No glasses,4,Economy,MPHD\085-152000_4\085-152000_4.png,MPHD\085-152000_4\085-T1.png,MPHD\085-152000_4\085-T2-4.png,MPHD\085-152000_4\085-152000_4.json,MPHD\085-152000_4\Chars,80,368,81,342,161,710,5,5,10
86,14,2,Secondary School,0,Female,0,Right-handed,0,No glasses,4,Economy,MPHD\086-142000_4\086-142000_4.png,MPHD\086-142000_4\086-T1.png,MPHD\086-142000_4\086-T2-4.png,MPHD\086-142000_4\086-142000_4.json,MPHD\086-142000_4\Chars,80,368,100,412,180,780,6,6,12
87,15,2,Secondary School,0,Female,0,Right-handed,0,No glasses,4,Economy,MPHD\087-152000_4\087-152000_4.png,MPHD\087-152000_4\087-T1.png,MPHD\087-152000_4\087-T2-4.png,MPHD\087-152000_4\087-152000_4.json,MPHD\087-152000_4\Chars,80,368,73,347,153,715,5,5,10
88,16,2,Secondary School,0,Female,0,Right-handed,0,No glasses,4,Economy,MPHD\088-162000_4\088-162000_4.png,MPHD\088-162000_4\088-T1.png,MPHD\088-162000_4\088-T2-4.png,MPHD\088-162000_4\088-162000_4.json,MPHD\088-162000_4\Chars,80,368,88,389,168,757,5,5,10
89,14,2,Secondary School,0,Female,0,Right-handed,0,No glasses,4,Economy,MPHD\089-142000_4\089-142000_4.png,MPHD\089-142000_4\089-T1.png,MPHD\089-142000_4\089-T2-4.png,MPHD\089-142000_4\089-142000_4.json,MPHD\089-142000_4\Chars,80,368,85,397,165,765,5,5,10
90,15,2,Secondary School,0,Female,0,Right-handed,0,No glasses,4,Economy,MPHD\090-152000_4\090-152000_4.png,MPHD\090-152000_4\090-T1.png,MPHD\090-152000_4\090-T2-4.png,MPHD\090-152000_4\090-152000_4.json,MPHD\090-152000_4\Chars,80,368,78,314,158,682,5,5,10
91,15,2,Secondary School,0,Female,0,Right-handed,0,No glasses,4,Economy,MPHD\091-152000_4\091-152000_4.png,MPHD\091-152000_4\091-T1.png,MPHD\091-152000_4\091-T2-4.png,MPHD\091-152000_4\091-152000_4.json,MPHD\091-152000_4\Chars,80,368,99,381,179,749,5,6,11
92,14,2,Secondary School,0,Female,0,Right-handed,1,Uses glasses,4,Economy,MPHD\092-142001_4\092-142001_4.png,MPHD\092-142001_4\092-T1.png,MPHD\092-142001_4\092-T2-4.png,MPHD\092-142001_4\092-142001_4.json,MPHD\092-142001_4\Chars,80,368,100,456,180,824,6,7,13
93,15,2,Secondary School,0,Female,0,Right-handed,0,No glasses,4,Economy,MPHD\093-152000_4\093-152000_4.png,MPHD\093-152000_4\093-T1.png,MPHD\093-152000_4\093-T2-4.png,MPHD\093-152000_4\093-152000_4.json,MPHD\093-152000_4\Chars,80,368,84,323,164,691,7,6,13
94,15,2,Secondary School,0,Female,0,Right-handed,0,No glasses,4,Economy,MPHD\094-152000_4\094-152000_4.png,MPHD\094-152000_4\094-T1.png,MPHD\094-152000_4\094-T2-4.png,MPHD\094-152000_4\094-152000_4.json,MPHD\094-152000_4\Chars,80,368,99,430,179,798,5,6,11
95,16,2,Secondary School,0,Female,0,Right-handed,0,No glasses,4,Economy,MPHD\095-162000_4\095-162000_4.png,MPHD\095-162000_4\095-T1.png,MPHD\095-162000_4\095-T2-4.png,MPHD\095-162000_4\095-162000_4.json,MPHD\095-162000_4\Chars,80,368,88,405,168,773,6,7,13
96,14,2,Secondary School,0,Female,0,Right-handed,0,No glasses,4,Economy,MPHD\096-142000_4\096-142000_4.png,MPHD\096-142000_4\096-T1.png,MPHD\096-142000_4\096-T2-4.png,MPHD\096-142000_4\096-142000_4.json,MPHD\096-142000_4\Chars,80,368,97,416,177,784,5,6,11
97,15,2,Secondary School,0,Female,1,Left-handed,1,Uses glasses,4,Economy,MPHD\097-152011_4\097-152011_4.png,MPHD\097-152011_4\097-T1.png,MPHD\097-152011_4\097-T2-4.png,MPHD\097-152011_4\097-152011_4.json,MPHD\097-152011_4\Chars,80,368,75,311,155,679,5,5,10
98,15,2,Secondary School,0,Female,0,Right-handed,0,No glasses,4,Economy,MPHD\098-152000_4\098-152000_4.png,MPHD\098-152000_4\098-T1.png,MPHD\098-152000_4\098-T2-4.png,MPHD\098-152000_4\098-152000_4.json,MPHD\098-152000_4\Chars,80,368,78,364,158,732,6,5,11
99,15,2,Secondary School,0,Female,0,Right-handed,0,No glasses,4,Economy,MPHD\099-152000_4\099-152000_4.png,MPHD\099-152000_4\099-T1.png,MPHD\099-152000_4\099-T2-4.png,MPHD\099-152000_4\099-152000_4.json,MPHD\099-152000_4\Chars,80,368,67,293,147,661,6,5,11
100,15,2,Secondary School,0,Female,0,Right-handed,1,Uses glasses,4,Economy,MPHD\100-152001_4\100-152001_4.png,MPHD\100-152001_4\100-T1.png,MPHD\100-152001_4\100-T2-4.png,MPHD\100-152001_4\100-152001_4.json,MPHD\100-152001_4\Chars,80,368,71,299,151,667,5,4,9
101,15,2,Secondary School,1,Male,0,Right-handed,0,No glasses,4,Economy,MPHD\101-152100_4\101-152100_4.png,MPHD\101-152100_4\101-T1.png,MPHD\101-152100_4\101-T2-4.png,MPHD\101-152100_4\101-152100_4.json,MPHD\101-152100_4\Chars,80,368,82,342,162,710,5,5,10
102,15,2,Secondary School,1,Male,1,Left-handed,0,No glasses,4,Economy,MPHD\102-152110_4\102-152110_4.png,MPHD\102-152110_4\102-T1.png,MPHD\102-152110_4\102-T2-4.png,MPHD\102-152110_4\102-152110_4.json,MPHD\102-152110_4\Chars,80,368,82,348,162,716,6,6,12
103,16,2,Secondary School,1,Male,0,Right-handed,0,No glasses,4,Economy,MPHD\103-162100_4\103-162100_4.png,MPHD\103-162100_4\103-T1.png,MPHD\103-162100_4\103-T2-4.png,MPHD\103-162100_4\103-162100_4.json,MPHD\103-162100_4\Chars,80,368,80,345,160,713,6,6,12
104,16,2,Secondary School,1,Male,0,Right-handed,0,No glasses,4,Economy,MPHD\104-162100_4\104-162100_4.png,MPHD\104-162100_4\104-T1.png,MPHD\104-162100_4\104-T2-4.png,MPHD\104-162100_4\104-162100_4.json,MPHD\104-162100_4\Chars,80,368,71,299,151,667,5,4,9
105,16,2,Secondary School,1,Male,0,Right-handed,0,No glasses,4,Economy,MPHD\105-162100_4\105-162100_4.png,MPHD\105-162100_4\105-T1.png,MPHD\105-162100_4\105-T2-4.png,MPHD\105-162100_4\105-162100_4.json,MPHD\105-162100_4\Chars,80,368,101,380,181,748,5,5,10
106,15,2,Secondary School,1,Male,0,Right-handed,0,No glasses,4,Economy,MPHD\106-152100_4\106-152100_4.png,MPHD\106-152100_4\106-T1.png,MPHD\106-152100_4\106-T2-4.png,MPHD\106-152100_4\106-152100_4.json,MPHD\106-152100_4\Chars,80,368,94,405,174,773,6,6,12
107,15,2,Secondary School,1,Male,0,Right-handed,1,Uses glasses,4,Economy,MPHD\107-152101_4\107-152101_4.png,MPHD\107-152101_4\107-T1.png,MPHD\107-152101_4\107-T2-4.png,MPHD\107-152101_4\107-152101_4.json,MPHD\107-152101_4\Chars,80,368,65,265,145,633,5,4,9
108,15,2,Secondary School,1,Male,0,Right-handed,0,No glasses,4,Economy,MPHD\108-152100_4\108-152100_4.png,MPHD\108-152100_4\108-T1.png,MPHD\108-152100_4\108-T2-4.png,MPHD\108-152100_4\108-152100_4.json,MPHD\108-152100_4\Chars,80,368,76,360,156,728,6,6,12
109,16,2,Secondary School,1,Male,0,Right-handed,0,No glasses,4,Economy,MPHD\109-162100_4\109-162100_4.png,MPHD\109-162100_4\109-T1.png,MPHD\109-162100_4\109-T2-4.png,MPHD\109-162100_4\109-162100_4.json,MPHD\109-162100_4\Chars,80,368,75,280,155,648,5,4,9
110,15,2,Secondary School,1,Male,0,Right-handed,0,No glasses,4,Economy,MPHD\110-152100_4\110-152100_4.png,MPHD\110-152100_4\110-T1.png,MPHD\110-152100_4\110-T2-4.png,MPHD\110-152100_4\110-152100_4.json,MPHD\110-152100_4\Chars,80,368,74,351,154,719,5,5,10
111,15,2,Secondary School,1,Male,1,Left-handed,0,No glasses,4,Economy,MPHD\111-152110_4\111-152110_4.png,MPHD\111-152110_4\111-T1.png,MPHD\111-152110_4\111-T2-4.png,MPHD\111-152110_4\111-152110_4.json,MPHD\111-152110_4\Chars,80,368,84,331,164,699,6,5,11
112,15,2,Secondary School,1,Male,0,Right-handed,0,No glasses,4,Economy,MPHD\112-152100_4\112-152100_4.png,MPHD\112-152100_4\112-T1.png,MPHD\112-152100_4\112-T2-4.png,MPHD\112-152100_4\112-152100_4.json,MPHD\112-152100_4\Chars,80,368,90,398,170,766,6,6,12
113,15,2,Secondary School,1,Male,0,Right-handed,0,No glasses,4,Economy,MPHD\113-152100_4\113-152100_4.png,MPHD\113-152100_4\113-T1.png,MPHD\113-152100_4\113-T2-4.png,MPHD\113-152100_4\113-152100_4.json,MPHD\113-152100_4\Chars,80,368,72,321,152,689,6,5,11
114,15,2,Secondary School,1,Male,1,Left-handed,0,No glasses,4,Economy,MPHD\114-152110_4\114-152110_4.png,MPHD\114-152110_4\114-T1.png,MPHD\114-152110_4\114-T2-4.png,MPHD\114-152110_4\114-152110_4.json,MPHD\114-152110_4\Chars,80,368,67,315,147,683,5,4,9
115,15,2,Secondary School,1,Male,0,Right-handed,1,Uses glasses,4,Economy,MPHD\115-152101_4\115-152101_4.png,MPHD\115-152101_4\115-T1.png,MPHD\115-152101_4\115-T2-4.png,MPHD\115-152101_4\115-152101_4.json,MPHD\115-152101_4\Chars,80,368,74,322,154,690,5,4,9
116,15,2,Secondary School,1,Male,0,Right-handed,0,No glasses,4,Economy,MPHD\116-152100_4\116-152100_4.png,MPHD\116-152100_4\116-T1.png,MPHD\116-152100_4\116-T2-4.png,MPHD\116-152100_4\116-152100_4.json,MPHD\116-152100_4\Chars,80,368,85,360,165,728,6,6,12
117,15,2,Secondary School,1,Male,0,Right-handed,0,No glasses,4,Economy,MPHD\117-152100_4\117-152100_4.png,MPHD\117-152100_4\117-T1.png,MPHD\117-152100_4\117-T2-4.png,MPHD\117-152100_4\117-152100_4.json,MPHD\117-152100_4\Chars,80,368,68,292,148,660,6,4,10
118,15,2,Secondary School,1,Male,0,Right-handed,1,Uses glasses,4,Economy,MPHD\118-152101_4\118-152101_4.png,MPHD\118-152101_4\118-T1.png,MPHD\118-152101_4\118-T2-4.png,MPHD\118-152101_4\118-152101_4.json,MPHD\118-152101_4\Chars,80,368,73,339,153,707,5,5,10
119,14,2,Secondary School,1,Male,0,Right-handed,1,Uses glasses,4,Economy,MPHD\119-142101_4\119-142101_4.png,MPHD\119-142101_4\119-T1.png,MPHD\119-142101_4\119-T2-4.png,MPHD\119-142101_4\119-142101_4.json,MPHD\119-142101_4\Chars,80,368,81,364,161,732,5,5,10
120,14,2,Secondary School,1,Male,0,Right-handed,0,No glasses,4,Economy,MPHD\120-142100_4\120-142100_4.png,MPHD\120-142100_4\120-T1.png,MPHD\120-142100_4\120-T2-4.png,MPHD\120-142100_4\120-142100_4.json,MPHD\120-142100_4\Chars,80,368,71,309,151,677,6,5,11
121,14,2,Secondary School,1,Male,0,Right-handed,1,Uses glasses,4,Economy,MPHD\121-142101_4\121-142101_4.png,MPHD\121-142101_4\121-T1.png,MPHD\121-142101_4\121-T2-4.png,MPHD\121-142101_4\121-142101_4.json,MPHD\121-142101_4\Chars,80,368,72,313,152,681,6,5,11
122,15,2,Secondary School,1,Male,1,Left-handed,0,No glasses,4,Economy,MPHD\122-152110_4\122-152110_4.png,MPHD\122-152110_4\122-T1.png,MPHD\122-152110_4\122-T2-4.png,MPHD\122-152110_4\122-152110_4.json,MPHD\122-152110_4\Chars,80,368,83,360,163,728,6,5,11
123,15,2,Secondary School,1,Male,0,Right-handed,0,No glasses,4,Economy,MPHD\123-152100_4\123-152100_4.png,MPHD\123-152100_4\123-T1.png,MPHD\123-152100_4\123-T2-4.png,MPHD\123-152100_4\123-152100_4.json,MPHD\123-152100_4\Chars,80,368,54,347,134,715,5,5,10
124,16,2,Secondary School,1,Male,0,Right-handed,1,Uses glasses,4,Economy,MPHD\124-162101_4\124-162101_4.png,MPHD\124-162101_4\124-T1.png,MPHD\124-162101_4\124-T2-4.png,MPHD\124-162101_4\124-162101_4.json,MPHD\124-162101_4\Chars,80,368,85,353,165,721,6,6,12
125,16,2,Secondary School,1,Male,0,Right-handed,0,No glasses,4,Economy,MPHD\125-162100_4\125-162100_4.png,MPHD\125-162100_4\125-T1.png,MPHD\125-162100_4\125-T2-4.png,MPHD\125-162100_4\125-162100_4.json,MPHD\125-162100_4\Chars,80,368,89,351,169,719,6,5,11
126,15,2,Secondary School,1,Male,0,Right-handed,0,No glasses,4,Economy,MPHD\126-152100_4\126-152100_4.png,MPHD\126-152100_4\126-T1.png,MPHD\126-152100_4\126-T2-4.png,MPHD\126-152100_4\126-152100_4.json,MPHD\126-152100_4\Chars,80,368,84,370,164,738,5,6,11
127,15,2,Secondary School,1,Male,0,Right-handed,0,No glasses,4,Economy,MPHD\127-152100_4\127-152100_4.png,MPHD\127-152100_4\127-T1.png,MPHD\127-152100_4\127-T2-4.png,MPHD\127-152100_4\127-152100_4.json,MPHD\127-152100_4\Chars,80,368,80,377,160,745,7,7,14
128,15,2,Secondary School,1,Male,0,Right-handed,1,Uses glasses,4,Economy,MPHD\128-152101_4\128-152101_4.png,MPHD\128-152101_4\128-T1.png,MPHD\128-152101_4\128-T2-4.png,MPHD\128-152101_4\128-152101_4.json,MPHD\128-152101_4\Chars,80,368,72,314,152,682,6,6,12
129,16,2,Secondary School,1,Male,0,Right-handed,1,Uses glasses,4,Economy,MPHD\129-162101_4\129-162101_4.png,MPHD\129-162101_4\129-T1.png,MPHD\129-162101_4\129-T2-4.png,MPHD\129-162101_4\129-162101_4.json,MPHD\129-162101_4\Chars,80,368,85,384,165,752,6,6,12
130,15,2,Secondary School,1,Male,0,Right-handed,0,No glasses,4,Economy,MPHD\130-152100_4\130-152100_4.png,MPHD\130-152100_4\130-T1.png,MPHD\130-152100_4\130-T2-4.png,MPHD\130-152100_4\130-152100_4.json,MPHD\130-152100_4\Chars,80,368,92,389,172,757,5,6,11
131,16,2,Secondary School,1,Male,0,Right-handed,1,Uses glasses,4,Economy,MPHD\131-162101_4\131-162101_4.png,MPHD\131-162101_4\131-T1.png,MPHD\131-162101_4\131-T2-4.png,MPHD\131-162101_4\131-162101_4.json,MPHD\131-162101_4\Chars,80,368,64,283,144,651,6,5,11
132,16,2,Secondary School,1,Male,0,Right-handed,0,No glasses,4,Economy,MPHD\132-162100_4\132-162100_4.png,MPHD\132-162100_4\132-T1.png,MPHD\132-162100_4\132-T2-4.png,MPHD\132-162100_4\132-162100_4.json,MPHD\132-162100_4\Chars,80,368,75,293,155,661,5,4,9
133,16,2,Secondary School,1,Male,0,Right-handed,0,No glasses,4,Economy,MPHD\133-162100_4\133-162100_4.png,MPHD\133-162100_4\133-T1.png,MPHD\133-162100_4\133-T2-4.png,MPHD\133-162100_4\133-162100_4.json,MPHD\133-162100_4\Chars,80,368,85,359,165,727,5,6,11
134,15,2,Secondary School,1,Male,0,Right-handed,1,Uses glasses,4,Economy,MPHD\134-152101_4\134-152101_4.png,MPHD\134-152101_4\134-T1.png,MPHD\134-152101_4\134-T2-4.png,MPHD\134-152101_4\134-152101_4.json,MPHD\134-152101_4\Chars,80,368,82,345,162,713,6,5,11
135,15,2,Secondary School,1,Male,0,Right-handed,0,No glasses,4,Economy,MPHD\135-152100_4\135-152100_4.png,MPHD\135-152100_4\135-T1.png,MPHD\135-152100_4\135-T2-4.png,MPHD\135-152100_4\135-152100_4.json,MPHD\135-152100_4\Chars,80,368,96,395,176,763,6,6,12
136,15,2,Secondary School,1,Male,0,Right-handed,0,No glasses,4,Economy,MPHD\136-152100_4\136-152100_4.png,MPHD\136-152100_4\136-T1.png,MPHD\136-152100_4\136-T2-4.png,MPHD\136-152100_4\136-152100_4.json,MPHD\136-152100_4\Chars,80,368,78,314,158,682,5,5,10
137,15,2,Secondary School,1,Male,0,Right-handed,1,Uses glasses,4,Economy,MPHD\137-152101_4\137-152101_4.png,MPHD\137-152101_4\137-T1.png,MPHD\137-152101_4\137-T2-4.png,MPHD\137-152101_4\137-152101_4.json,MPHD\137-152101_4\Chars,80,368,71,335,151,703,5,5,10
138,15,2,Secondary School,1,Male,0,Right-handed,0,No glasses,4,Economy,MPHD\138-152100_4\138-152100_4.png,MPHD\138-152100_4\138-T1.png,MPHD\138-152100_4\138-T2-4.png,MPHD\138-152100_4\138-152100_4.json,MPHD\138-152100_4\Chars,80,368,92,474,172,842,6,7,13
139,15,2,Secondary School,1,Male,0,Right-handed,0,No glasses,4,Economy,MPHD\139-152100_4\139-152100_4.png,MPHD\139-152100_4\139-T1.png,MPHD\139-152100_4\139-T2-4.png,MPHD\139-152100_4\139-152100_4.json,MPHD\139-152100_4\Chars,80,368,98,379,178,747,5,6,11
140,15,2,Secondary School,1,Male,0,Right-handed,0,No glasses,4,Economy,MPHD\140-152100_4\140-152100_4.png,MPHD\140-152100_4\140-T1.png,MPHD\140-152100_4\140-T2-4.png,MPHD\140-152100_4\140-152100_4.json,MPHD\140-152100_4\Chars,80,368,68,301,148,669,6,5,11
141,16,2,Secondary School,1,Male,0,Right-handed,0,No glasses,4,Economy,MPHD\141-162100_4\141-162100_4.png,MPHD\141-162100_4\141-T1.png,MPHD\141-162100_4\141-T2-4.png,MPHD\141-162100_4\141-162100_4.json,MPHD\141-162100_4\Chars,80,368,67,289,147,657,5,5,10
142,15,2,Secondary School,1,Male,0,Right-handed,0,No glasses,4,Economy,MPHD\142-152100_4\142-152100_4.png,MPHD\142-152100_4\142-T1.png,MPHD\142-152100_4\142-T2-4.png,MPHD\142-152100_4\142-152100_4.json,MPHD\142-152100_4\Chars,80,368,75,320,155,688,6,5,11
143,15,2,Secondary School,1,Male,0,Right-handed,0,No glasses,4,Economy,MPHD\143-152100_4\143-152100_4.png,MPHD\143-152100_4\143-T1.png,MPHD\143-152100_4\143-T2-4.png,MPHD\143-152100_4\143-152100_4.json,MPHD\143-152100_4\Chars,80,368,91,401,171,769,6,7,13
144,16,2,Secondary School,1,Male,0,Right-handed,1,Uses glasses,4,Economy,MPHD\144-162101_4\144-162101_4.png,MPHD\144-162101_4\144-T1.png,MPHD\144-162101_4\144-T2-4.png,MPHD\144-162101_4\144-162101_4.json,MPHD\144-162101_4\Chars,80,368,90,380,170,748,5,5,10
145,15,2,Secondary School,1,Male,0,Right-handed,1,Uses glasses,4,Economy,MPHD\145-152101_4\145-152101_4.png,MPHD\145-152101_4\145-T1.png,MPHD\145-152101_4\145-T2-4.png,MPHD\145-152101_4\145-152101_4.json,MPHD\145-152101_4\Chars,80,368,89,372,169,740,6,7,13
146,15,2,Secondary School,1,Male,0,Right-handed,0,No glasses,4,Economy,MPHD\146-152100_4\146-152100_4.png,MPHD\146-152100_4\146-T1.png,MPHD\146-152100_4\146-T2-4.png,MPHD\146-152100_4\146-152100_4.json,MPHD\146-152100_4\Chars,80,368,80,365,160,733,5,5,10
147,16,2,Secondary School,1,Male,0,Right-handed,0,No glasses,4,Economy,MPHD\147-162100_4\147-162100_4.png,MPHD\147-162100_4\147-T1.png,MPHD\147-162100_4\147-T2-4.png,MPHD\147-162100_4\147-162100_4.json,MPHD\147-162100_4\Chars,80,368,65,291,145,659,6,6,12
148,15,2,Secondary School,1,Male,0,Right-handed,0,No glasses,4,Economy,MPHD\148-152100_4\148-152100_4.png,MPHD\148-152100_4\148-T1.png,MPHD\148-152100_4\148-T2-4.png,MPHD\148-152100_4\148-152100_4.json,MPHD\148-152100_4\Chars,80,368,90,351,170,719,6,6,12
149,15,2,Secondary School,1,Male,0,Right-handed,0,No glasses,4,Economy,MPHD\149-152100_4\149-152100_4.png,MPHD\149-152100_4\149-T1.png,MPHD\149-152100_4\149-T2-4.png,MPHD\149-152100_4\149-152100_4.json,MPHD\149-152100_4\Chars,80,368,89,396,169,764,6,6,12
150,15,2,Secondary School,1,Male,0,Right-handed,0,No glasses,4,Economy,MPHD\150-152100_4\150-152100_4.png,MPHD\150-152100_4\150-T1.png,MPHD\150-152100_4\150-T2-4.png,MPHD\150-152100_4\150-152100_4.json,MPHD\150-152100_4\Chars,80,368,90,381,170,749,6,6,12
151,12,1,Primary School,0,Female,0,Right-handed,0,No glasses,5,History,MPHD\151-121000_5\151-121000_5.png,MPHD\151-121000_5\151-T1.png,MPHD\151-121000_5\151-T2-5.png,MPHD\151-121000_5\151-121000_5.json,MPHD\151-121000_5\Chars,80,368,66,248,146,616,6,4,10
152,13,1,Primary School,0,Female,0,Right-handed,0,No glasses,5,History,MPHD\152-131000_5\152-131000_5.png,MPHD\152-131000_5\152-T1.png,MPHD\152-131000_5\152-T2-5.png,MPHD\152-131000_5\152-131000_5.json,MPHD\152-131000_5\Chars,80,368,68,307,148,675,5,4,9
153,13,1,Primary School,0,Female,0,Right-handed,1,Uses glasses,5,History,MPHD\153-131001_5\153-131001_5.png,MPHD\153-131001_5\153-T1.png,MPHD\153-131001_5\153-T2-5.png,MPHD\153-131001_5\153-131001_5.json,MPHD\153-131001_5\Chars,80,368,49,225,129,593,5,3,8
154,13,1,Primary School,0,Female,0,Right-handed,0,No glasses,5,History,MPHD\154-131000_5\154-131000_5.png,MPHD\154-131000_5\154-T1.png,MPHD\154-131000_5\154-T2-5.png,MPHD\154-131000_5\154-131000_5.json,MPHD\154-131000_5\Chars,80,368,72,305,152,673,5,5,10
155,12,1,Primary School,0,Female,0,Right-handed,0,No glasses,5,History,MPHD\155-121000_5\155-121000_5.png,MPHD\155-121000_5\155-T1.png,MPHD\155-121000_5\155-T2-5.png,MPHD\155-121000_5\155-121000_5.json,MPHD\155-121000_5\Chars,80,368,60,246,140,614,5,4,9
156,13,1,Primary School,0,Female,0,Right-handed,0,No glasses,5,History,MPHD\156-131000_5\156-131000_5.png,MPHD\156-131000_5\156-T1.png,MPHD\156-131000_5\156-T2-5.png,MPHD\156-131000_5\156-131000_5.json,MPHD\156-131000_5\Chars,80,368,80,352,160,720,5,5,10
157,11,1,Primary School,0,Female,0,Right-handed,1,Uses glasses,5,History,MPHD\157-111001_5\157-111001_5.png,MPHD\157-111001_5\157-T1.png,MPHD\157-111001_5\157-T2-5.png,MPHD\157-111001_5\157-111001_5.json,MPHD\157-111001_5\Chars,80,368,76,306,156,674,5,4,9
158,13,1,Primary School,0,Female,0,Right-handed,0,No glasses,5,History,MPHD\158-131000_5\158-131000_5.png,MPHD\158-131000_5\158-T1.png,MPHD\158-131000_5\158-T2-5.png,MPHD\158-131000_5\158-131000_5.json,MPHD\158-131000_5\Chars,80,368,65,270,145,638,4,4,8
159,12,1,Primary School,0,Female,0,Right-handed,0,No glasses,5,History,MPHD\159-121000_5\159-121000_5.png,MPHD\159-121000_5\159-T1.png,MPHD\159-121000_5\159-T2-5.png,MPHD\159-121000_5\159-121000_5.json,MPHD\159-121000_5\Chars,80,368,62,266,142,634,5,4,9
160,12,1,Primary School,0,Female,0,Right-handed,0,No glasses,5,History,MPHD\160-121000_5\160-121000_5.png,MPHD\160-121000_5\160-T1.png,MPHD\160-121000_5\160-T2-5.png,MPHD\160-121000_5\160-121000_5.json,MPHD\160-121000_5\Chars,80,368,43,191,123,559,5,3,8
161,13,1,Primary School,0,Female,0,Right-handed,1,Uses glasses,5,History,MPHD\161-131001_5\161-131001_5.png,MPHD\161-131001_5\161-T1.png,MPHD\161-131001_5\161-T2-5.png,MPHD\161-131001_5\161-131001_5.json,MPHD\161-131001_5\Chars,80,368,106,441,186,809,6,6,12
162,13,1,Primary School,0,Female,0,Right-handed,0,No glasses,5,History,MPHD\162-131000_5\162-131000_5.png,MPHD\162-131000_5\162-T1.png,MPHD\162-131000_5\162-T2-5.png,MPHD\162-131000_5\162-131000_5.json,MPHD\162-131000_5\Chars,80,368,72,320,152,688,5,4,9
163,13,1,Primary School,0,Female,1,Left-handed,0,No glasses,5,History,MPHD\163-131010_5\163-131010_5.png,MPHD\163-131010_5\163-T1.png,MPHD\163-131010_5\163-T2-5.png,MPHD\163-131010_5\163-131010_5.json,MPHD\163-131010_5\Chars,80,368,70,275,150,643,5,4,9
164,13,1,Primary School,0,Female,0,Right-handed,0,No glasses,5,History,MPHD\164-131000_5\164-131000_5.png,MPHD\164-131000_5\164-T1.png,MPHD\164-131000_5\164-T2-5.png,MPHD\164-131000_5\164-131000_5.json,MPHD\164-131000_5\Chars,80,368,77,316,157,684,6,5,11
165,13,1,Primary School,0,Female,0,Right-handed,0,No glasses,5,History,MPHD\165-131000_5\165-131000_5.png,MPHD\165-131000_5\165-T1.png,MPHD\165-131000_5\165-T2-5.png,MPHD\165-131000_5\165-131000_5.json,MPHD\165-131000_5\Chars,80,368,79,297,159,665,6,5,11
166,13,1,Primary School,0,Female,0,Right-handed,0,No glasses,5,History,MPHD\166-131000_5\166-131000_5.png,MPHD\166-131000_5\166-T1.png,MPHD\166-131000_5\166-T2-5.png,MPHD\166-131000_5\166-131000_5.json,MPHD\166-131000_5\Chars,80,368,51,193,131,561,5,3,8
167,12,1,Primary School,0,Female,0,Right-handed,0,No glasses,5,History,MPHD\167-121000_5\167-121000_5.png,MPHD\167-121000_5\167-T1.png,MPHD\167-121000_5\167-T2-5.png,MPHD\167-121000_5\167-121000_5.json,MPHD\167-121000_5\Chars,80,368,63,302,143,670,6,5,11
168,11,1,Primary School,0,Female,0,Right-handed,0,No glasses,5,History,MPHD\168-111000_5\168-111000_5.png,MPHD\168-111000_5\168-T1.png,MPHD\168-111000_5\168-T2-5.png,MPHD\168-111000_5\168-111000_5.json,MPHD\168-111000_5\Chars,80,368,53,241,133,609,6,4,10
169,13,1,Primary School,0,Female,0,Right-handed,0,No glasses,5,History,MPHD\169-131000_5\169-131000_5.png,MPHD\169-131000_5\169-T1.png,MPHD\169-131000_5\169-T2-5.png,MPHD\169-131000_5\169-131000_5.json,MPHD\169-131000_5\Chars,80,368,94,345,174,713,5,5,10
170,13,1,Primary School,0,Female,0,Right-handed,0,No glasses,5,History,MPHD\170-131000_5\170-131000_5.png,MPHD\170-131000_5\170-T1.png,MPHD\170-131000_5\170-T2-5.png,MPHD\170-131000_5\170-131000_5.json,MPHD\170-131000_5\Chars,80,368,64,235,144,603,4,3,7
171,13,1,Primary School,0,Female,0,Right-handed,0,No glasses,5,History,MPHD\171-131000_5\171-131000_5.png,MPHD\171-131000_5\171-T1.png,MPHD\171-131000_5\171-T2-5.png,MPHD\171-131000_5\171-131000_5.json,MPHD\171-131000_5\Chars,80,368,82,330,162,698,5,5,10
172,13,1,Primary School,0,Female,0,Right-handed,0,No glasses,5,History,MPHD\172-131000_5\172-131000_5.png,MPHD\172-131000_5\172-T1.png,MPHD\172-131000_5\172-T2-5.png,MPHD\172-131000_5\172-131000_5.json,MPHD\172-131000_5\Chars,80,368,80,303,160,671,5,4,9
173,12,1,Primary School,0,Female,0,Right-handed,0,No glasses,5,History,MPHD\173-121000_5\173-121000_5.png,MPHD\173-121000_5\173-T1.png,MPHD\173-121000_5\173-T2-5.png,MPHD\173-121000_5\173-121000_5.json,MPHD\173-121000_5\Chars,80,368,77,308,157,676,4,4,8
174,12,1,Primary School,0,Female,0,Right-handed,0,No glasses,5,History,MPHD\174-121000_5\174-121000_5.png,MPHD\174-121000_5\174-T1.png,MPHD\174-121000_5\174-T2-5.png,MPHD\174-121000_5\174-121000_5.json,MPHD\174-121000_5\Chars,80,368,84,323,164,691,5,5,10
175,11,1,Primary School,0,Female,1,Left-handed,1,Uses glasses,5,History,MPHD\175-111011_5\175-111011_5.png,MPHD\175-111011_5\175-T1.png,MPHD\175-111011_5\175-T2-5.png,MPHD\175-111011_5\175-111011_5.json,MPHD\175-111011_5\Chars,80,368,89,343,169,711,6,5,11
176,12,1,Primary School,0,Female,0,Right-handed,0,No glasses,5,History,MPHD\176-121000_5\176-121000_5.png,MPHD\176-121000_5\176-T1.png,MPHD\176-121000_5\176-T2-5.png,MPHD\176-121000_5\176-121000_5.json,MPHD\176-121000_5\Chars,80,368,67,298,147,666,6,5,11
177,13,1,Primary School,0,Female,0,Right-handed,0,No glasses,5,History,MPHD\177-131000_5\177-131000_5.png,MPHD\177-131000_5\177-T1.png,MPHD\177-131000_5\177-T2-5.png,MPHD\177-131000_5\177-131000_5.json,MPHD\177-131000_5\Chars,80,368,69,278,149,646,6,5,11
178,12,1,Primary School,0,Female,0,Right-handed,0,No glasses,5,History,MPHD\178-121000_5\178-121000_5.png,MPHD\178-121000_5\178-T1.png,MPHD\178-121000_5\178-T2-5.png,MPHD\178-121000_5\178-121000_5.json,MPHD\178-121000_5\Chars,80,368,62,228,142,596,5,3,8
179,13,1,Primary School,0,Female,0,Right-handed,0,No glasses,5,History,MPHD\179-131000_5\179-131000_5.png,MPHD\179-131000_5\179-T1.png,MPHD\179-131000_5\179-T2-5.png,MPHD\179-131000_5\179-131000_5.json,MPHD\179-131000_5\Chars,80,368,77,282,157,650,6,5,11
180,13,1,Primary School,0,Female,1,Left-handed,0,No glasses,5,History,MPHD\180-131010_5\180-131010_5.png,MPHD\180-131010_5\180-T1.png,MPHD\180-131010_5\180-T2-5.png,MPHD\180-131010_5\180-131010_5.json,MPHD\180-131010_5\Chars,80,368,89,337,169,705,5,5,10
181,12,1,Primary School,0,Female,0,Right-handed,0,No glasses,5,History,MPHD\181-121000_5\181-121000_5.png,MPHD\181-121000_5\181-T1.png,MPHD\181-121000_5\181-T2-5.png,MPHD\181-121000_5\181-121000_5.json,MPHD\181-121000_5\Chars,80,368,59,240,139,608,6,4,10
182,12,1,Primary School,0,Female,0,Right-handed,0,No glasses,5,History,MPHD\182-121000_5\182-121000_5.png,MPHD\182-121000_5\182-T1.png,MPHD\182-121000_5\182-T2-5.png,MPHD\182-121000_5\182-121000_5.json,MPHD\182-121000_5\Chars,80,368,73,307,153,675,6,5,11
183,12,1,Primary School,0,Female,0,Right-handed,0,No glasses,5,History,MPHD\183-121000_5\183-121000_5.png,MPHD\183-121000_5\183-T1.png,MPHD\183-121000_5\183-T2-5.png,MPHD\183-121000_5\183-121000_5.json,MPHD\183-121000_5\Chars,80,368,59,236,139,604,4,3,7
184,12,1,Primary School,0,Female,0,Right-handed,0,No glasses,5,History,MPHD\184-121000_5\184-121000_5.png,MPHD\184-121000_5\184-T1.png,MPHD\184-121000_5\184-T2-5.png,MPHD\184-121000_5\184-121000_5.json,MPHD\184-121000_5\Chars,80,368,47,210,127,578,5,4,9
185,13,1,Primary School,0,Female,0,Right-handed,0,No glasses,5,History,MPHD\185-131000_5\185-131000_5.png,MPHD\185-131000_5\185-T1.png,MPHD\185-131000_5\185-T2-5.png,MPHD\185-131000_5\185-131000_5.json,MPHD\185-131000_5\Chars,80,368,104,451,184,819,5,6,11
186,12,1,Primary School,0,Female,1,Left-handed,0,No glasses,5,History,MPHD\186-121010_5\186-121010_5.png,MPHD\186-121010_5\186-T1.png,MPHD\186-121010_5\186-T2-5.png,MPHD\186-121010_5\186-121010_5.json,MPHD\186-121010_5\Chars,80,368,70,290,150,658,5,4,9
187,12,1,Primary School,0,Female,0,Right-handed,0,No glasses,5,History,MPHD\187-121000_5\187-121000_5.png,MPHD\187-121000_5\187-T1.png,MPHD\187-121000_5\187-T2-5.png,MPHD\187-121000_5\187-121000_5.json,MPHD\187-121000_5\Chars,80,368,103,416,183,784,5,5,10
188,12,1,Primary School,0,Female,0,Right-handed,1,Uses glasses,5,History,MPHD\188-121001_5\188-121001_5.png,MPHD\188-121001_5\188-T1.png,MPHD\188-121001_5\188-T2-5.png,MPHD\188-121001_5\188-121001_5.json,MPHD\188-121001_5\Chars,80,368,84,373,164,741,5,5,10
189,12,1,Primary School,0,Female,0,Right-handed,0,No glasses,5,History,MPHD\189-121000_5\189-121000_5.png,MPHD\189-121000_5\189-T1.png,MPHD\189-121000_5\189-T2-5.png,MPHD\189-121000_5\189-121000_5.json,MPHD\189-121000_5\Chars,80,368,51,231,131,599,6,4,10
190,13,1,Primary School,0,Female,0,Right-handed,0,No glasses,5,History,MPHD\190-131000_5\190-131000_5.png,MPHD\190-131000_5\190-T1.png,MPHD\190-131000_5\190-T2-5.png,MPHD\190-131000_5\190-131000_5.json,MPHD\190-131000_5\Chars,80,368,53,265,133,633,5,4,9
191,13,1,Primary School,0,Female,0,Right-handed,0,No glasses,5,History,MPHD\191-131000_5\191-131000_5.png,MPHD\191-131000_5\191-T1.png,MPHD\191-131000_5\191-T2-5.png,MPHD\191-131000_5\191-131000_5.json,MPHD\191-131000_5\Chars,80,368,74,305,154,673,5,4,9
192,13,1,Primary School,0,Female,0,Right-handed,0,No glasses,5,History,MPHD\192-131000_5\192-131000_5.png,MPHD\192-131000_5\192-T1.png,MPHD\192-131000_5\192-T2-5.png,MPHD\192-131000_5\192-131000_5.json,MPHD\192-131000_5\Chars,80,368,85,332,165,700,5,3,8
193,12,1,Primary School,0,Female,0,Right-handed,0,No glasses,5,History,MPHD\193-121000_5\193-121000_5.png,MPHD\193-121000_5\193-T1.png,MPHD\193-121000_5\193-T2-5.png,MPHD\193-121000_5\193-121000_5.json,MPHD\193-121000_5\Chars,80,368,90,355,170,723,5,4,9
194,13,1,Primary School,0,Female,0,Right-handed,0,No glasses,5,History,MPHD\194-131000_5\194-131000_5.png,MPHD\194-131000_5\194-T1.png,MPHD\194-131000_5\194-T2-5.png,MPHD\194-131000_5\194-131000_5.json,MPHD\194-131000_5\Chars,80,368,91,382,171,750,5,5,10
195,12,1,Primary School,0,Female,0,Right-handed,1,Uses glasses,5,History,MPHD\195-121001_5\195-121001_5.png,MPHD\195-121001_5\195-T1.png,MPHD\195-121001_5\195-T2-5.png,MPHD\195-121001_5\195-121001_5.json,MPHD\195-121001_5\Chars,80,368,63,261,143,629,6,4,10
196,13,1,Primary School,0,Female,0,Right-handed,0,No glasses,5,History,MPHD\196-131000_5\196-131000_5.png,MPHD\196-131000_5\196-T1.png,MPHD\196-131000_5\196-T2-5.png,MPHD\196-131000_5\196-131000_5.json,MPHD\196-131000_5\Chars,80,368,55,203,135,571,5,4,9
197,13,1,Primary School,0,Female,0,Right-handed,0,No glasses,5,History,MPHD\197-131000_5\197-131000_5.png,MPHD\197-131000_5\197-T1.png,MPHD\197-131000_5\197-T2-5.png,MPHD\197-131000_5\197-131000_5.json,MPHD\197-131000_5\Chars,80,368,53,204,133,572,5,3,8
198,13,1,Primary School,0,Female,0,Right-handed,0,No glasses,5,History,MPHD\198-131000_5\198-131000_5.png,MPHD\198-131000_5\198-T1.png,MPHD\198-131000_5\198-T2-5.png,MPHD\198-131000_5\198-131000_5.json,MPHD\198-131000_5\Chars,80,368,77,399,157,767,5,5,10
199,11,1,Primary School,0,Female,0,Right-handed,0,No glasses,5,History,MPHD\199-111000_5\199-111000_5.png,MPHD\199-111000_5\199-T1.png,MPHD\199-111000_5\199-T2-5.png,MPHD\199-111000_5\199-111000_5.json,MPHD\199-111000_5\Chars,80,368,79,356,159,724,6,6,12
200,13,1,Primary School,0,Female,0,Right-handed,0,No glasses,5,History,MPHD\200-131000_5\200-131000_5.png,MPHD\200-131000_5\200-T1.png,MPHD\200-131000_5\200-T2-5.png,MPHD\200-131000_5\200-131000_5.json,MPHD\200-131000_5\Chars,80,368,75,315,155,683,6,5,11
201,13,1,Primary School,1,Male,0,Right-handed,1,Uses glasses,5,History,MPHD\201-131101_5\201-131101_5.png,MPHD\201-131101_5\201-T1.png,MPHD\201-131101_5\201-T2-5.png,MPHD\201-131101_5\201-131101_5.json,MPHD\201-131101_5\Chars,80,368,77,289,157,657,7,6,13
202,13,1,Primary School,1,Male,1,Left-handed,1,Uses glasses,5,History,MPHD\202-131111_5\202-131111_5.png,MPHD\202-131111_5\202-T1.png,MPHD\202-131111_5\202-T2-5.png,MPHD\202-131111_5\202-131111_5.json,MPHD\202-131111_5\Chars,80,368,85,402,165,770,7,6,13
203,12,1,Primary School,1,Male,0,Right-handed,0,No glasses,5,History,MPHD\203-121100_5\203-121100_5.png,MPHD\203-121100_5\203-T1.png,MPHD\203-121100_5\203-T2-5.png,MPHD\203-121100_5\203-121100_5.json,MPHD\203-121100_5\Chars,80,368,59,237,139,605,6,4,10
204,13,1,Primary School,1,Male,0,Right-handed,0,No glasses,5,History,MPHD\204-131100_5\204-131100_5.png,MPHD\204-131100_5\204-T1.png,MPHD\204-131100_5\204-T2-5.png,MPHD\204-131100_5\204-131100_5.json,MPHD\204-131100_5\Chars,80,368,56,219,136,587,6,4,10
205,12,1,Primary School,1,Male,0,Right-handed,0,No glasses,5,History,MPHD\205-121100_5\205-121100_5.png,MPHD\205-121100_5\205-T1.png,MPHD\205-121100_5\205-T2-5.png,MPHD\205-121100_5\205-121100_5.json,MPHD\205-121100_5\Chars,80,368,78,329,158,697,6,5,11
206,12,1,Primary School,1,Male,0,Right-handed,0,No glasses,5,History,MPHD\206-121100_5\206-121100_5.png,MPHD\206-121100_5\206-T1.png,MPHD\206-121100_5\206-T2-5.png,MPHD\206-121100_5\206-121100_5.json,MPHD\206-121100_5\Chars,80,368,71,312,151,680,6,5,11
207,13,1,Primary School,1,Male,1,Left-handed,0,No glasses,5,History,MPHD\207-131110_5\207-131110_5.png,MPHD\207-131110_5\207-T1.png,MPHD\207-131110_5\207-T2-5.png,MPHD\207-131110_5\207-131110_5.json,MPHD\207-131110_5\Chars,80,368,97,424,177,792,8,9,17
208,12,1,Primary School,1,Male,0,Right-handed,0,No glasses,5,History,MPHD\208-121100_5\208-121100_5.png,MPHD\208-121100_5\208-T1.png,MPHD\208-121100_5\208-T2-5.png,MPHD\208-121100_5\208-121100_5.json,MPHD\208-121100_5\Chars,80,368,58,261,138,629,6,5,11
209,12,1,Primary School,1,Male,0,Right-handed,0,No glasses,5,History,MPHD\209-121100_5\209-121100_5.png,MPHD\209-121100_5\209-T1.png,MPHD\209-121100_5\209-T2-5.png,MPHD\209-121100_5\209-121100_5.json,MPHD\209-121100_5\Chars,80,368,69,298,149,666,7,5,12
210,12,1,Primary School,1,Male,0,Right-handed,0,No glasses,5,History,MPHD\210-121100_5\210-121100_5.png,MPHD\210-121100_5\210-T1.png,MPHD\210-121100_5\210-T2-5.png,MPHD\210-121100_5\210-121100_5.json,MPHD\210-121100_5\Chars,80,368,81,320,161,688,7,6,13
211,13,1,Primary School,1,Male,0,Right-handed,0,No glasses,5,History,MPHD\211-131100_5\211-131100_5.png,MPHD\211-131100_5\211-T1.png,MPHD\211-131100_5\211-T2-5.png,MPHD\211-131100_5\211-131100_5.json,MPHD\211-131100_5\Chars,80,368,78,308,158,676,7,5,12
212,13,1,Primary School,1,Male,0,Right-handed,0,No glasses,5,History,MPHD\212-131100_5\212-131100_5.png,MPHD\212-131100_5\212-T1.png,MPHD\212-131100_5\212-T2-5.png,MPHD\212-131100_5\212-131100_5.json,MPHD\212-131100_5\Chars,80,368,86,324,166,692,6,5,11
213,13,1,Primary School,1,Male,0,Right-handed,0,No glasses,5,History,MPHD\213-131100_5\213-131100_5.png,MPHD\213-131100_5\213-T1.png,MPHD\213-131100_5\213-T2-5.png,MPHD\213-131100_5\213-131100_5.json,MPHD\213-131100_5\Chars,80,368,82,359,162,727,6,6,12
214,13,1,Primary School,1,Male,0,Right-handed,0,No glasses,5,History,MPHD\214-131100_5\214-131100_5.png,MPHD\214-131100_5\214-T1.png,MPHD\214-131100_5\214-T2-5.png,MPHD\214-131100_5\214-131100_5.json,MPHD\214-131100_5\Chars,80,368,82,356,162,724,6,6,12
215,13,1,Primary School,1,Male,0,Right-handed,0,No glasses,5,History,MPHD\215-131100_5\215-131100_5.png,MPHD\215-131100_5\215-T1.png,MPHD\215-131100_5\215-T2-5.png,MPHD\215-131100_5\215-131100_5.json,MPHD\215-131100_5\Chars,80,368,79,346,159,714,7,7,14
216,13,1,Primary School,1,Male,0,Right-handed,0,No glasses,5,History,MPHD\216-131100_5\216-131100_5.png,MPHD\216-131100_5\216-T1.png,MPHD\216-131100_5\216-T2-5.png,MPHD\216-131100_5\216-131100_5.json,MPHD\216-131100_5\Chars,80,368,89,398,169,766,7,7,14
217,13,1,Primary School,1,Male,0,Right-handed,0,No glasses,5,History,MPHD\217-131100_5\217-131100_5.png,MPHD\217-131100_5\217-T1.png,MPHD\217-131100_5\217-T2-5.png,MPHD\217-131100_5\217-131100_5.json,MPHD\217-131100_5\Chars,80,368,66,267,146,635,6,5,11
218,13,1,Primary School,1,Male,0,Right-handed,0,No glasses,5,History,MPHD\218-131100_5\218-131100_5.png,MPHD\218-131100_5\218-T1.png,MPHD\218-131100_5\218-T2-5.png,MPHD\218-131100_5\218-131100_5.json,MPHD\218-131100_5\Chars,80,368,86,350,166,718,6,6,12
219,13,1,Primary School,1,Male,0,Right-handed,0,No glasses,5,History,MPHD\219-131100_5\219-131100_5.png,MPHD\219-131100_5\219-T1.png,MPHD\219-131100_5\219-T2-5.png,MPHD\219-131100_5\219-131100_5.json,MPHD\219-131100_5\Chars,80,368,58,262,138,630,6,5,11
220,12,1,Primary School,1,Male,0,Right-handed,0,No glasses,5,History,MPHD\220-121100_5\220-121100_5.png,MPHD\220-121100_5\220-T1.png,MPHD\220-121100_5\220-T2-5.png,MPHD\220-121100_5\220-121100_5.json,MPHD\220-121100_5\Chars,80,368,67,270,147,638,6,5,11
221,13,1,Primary School,1,Male,0,Right-handed,0,No glasses,5,History,MPHD\221-131100_5\221-131100_5.png,MPHD\221-131100_5\221-T1.png,MPHD\221-131100_5\221-T2-5.png,MPHD\221-131100_5\221-131100_5.json,MPHD\221-131100_5\Chars,80,368,75,340,155,708,5,5,10
222,13,1,Primary School,1,Male,0,Right-handed,0,No glasses,5,History,MPHD\222-131100_5\222-131100_5.png,MPHD\222-131100_5\222-T1.png,MPHD\222-131100_5\222-T2-5.png,MPHD\222-131100_5\222-131100_5.json,MPHD\222-131100_5\Chars,80,368,65,293,145,661,6,4,10
223,13,1,Primary School,1,Male,0,Right-handed,0,No glasses,5,History,MPHD\223-131100_5\223-131100_5.png,MPHD\223-131100_5\223-T1.png,MPHD\223-131100_5\223-T2-5.png,MPHD\223-131100_5\223-131100_5.json,MPHD\223-131100_5\Chars,80,368,55,243,135,611,5,3,8
224,13,1,Primary School,1,Male,0,Right-handed,0,No glasses,5,History,MPHD\224-131100_5\224-131100_5.png,MPHD\224-131100_5\224-T1.png,MPHD\224-131100_5\224-T2-5.png,MPHD\224-131100_5\224-131100_5.json,MPHD\224-131100_5\Chars,80,368,82,356,162,724,7,7,14
225,12,1,Primary School,1,Male,0,Right-handed,0,No glasses,5,History,MPHD\225-121100_5\225-121100_5.png,MPHD\225-121100_5\225-T1.png,MPHD\225-121100_5\225-T2-5.png,MPHD\225-121100_5\225-121100_5.json,MPHD\225-121100_5\Chars,80,368,88,356,168,724,6,5,11
226,13,1,Primary School,1,Male,0,Right-handed,0,No glasses,5,History,MPHD\226-131100_5\226-131100_5.png,MPHD\226-131100_5\226-T1.png,MPHD\226-131100_5\226-T2-5.png,MPHD\226-131100_5\226-131100_5.json,MPHD\226-131100_5\Chars,80,368,50,245,130,613,6,4,10
227,12,1,Primary School,1,Male,0,Right-handed,0,No glasses,5,History,MPHD\227-121100_5\227-121100_5.png,MPHD\227-121100_5\227-T1.png,MPHD\227-121100_5\227-T2-5.png,MPHD\227-121100_5\227-121100_5.json,MPHD\227-121100_5\Chars,80,368,68,296,148,664,6,5,11
228,12,1,Primary School,1,Male,0,Right-handed,0,No glasses,5,History,MPHD\228-121100_5\228-121100_5.png,MPHD\228-121100_5\228-T1.png,MPHD\228-121100_5\228-T2-5.png,MPHD\228-121100_5\228-121100_5.json,MPHD\228-121100_5\Chars,80,368,76,295,156,663,7,5,12
229,13,1,Primary School,1,Male,0,Right-handed,0,No glasses,5,History,MPHD\229-131100_5\229-131100_5.png,MPHD\229-131100_5\229-T1.png,MPHD\229-131100_5\229-T2-5.png,MPHD\229-131100_5\229-131100_5.json,MPHD\229-131100_5\Chars,80,368,80,362,160,730,6,6,12
230,13,1,Primary School,1,Male,0,Right-handed,0,No glasses,5,History,MPHD\230-131100_5\230-131100_5.png,MPHD\230-131100_5\230-T1.png,MPHD\230-131100_5\230-T2-5.png,MPHD\230-131100_5\230-131100_5.json,MPHD\230-131100_5\Chars,80,368,60,233,140,601,6,4,10
231,12,1,Primary School,1,Male,0,Right-handed,0,No glasses,5,History,MPHD\231-121100_5\231-121100_5.png,MPHD\231-121100_5\231-T1.png,MPHD\231-121100_5\231-T2-5.png,MPHD\231-121100_5\231-121100_5.json,MPHD\231-121100_5\Chars,80,368,90,331,170,699,7,6,13
232,12,1,Primary School,1,Male,0,Right-handed,0,No glasses,5,History,MPHD\232-121100_5\232-121100_5.png,MPHD\232-121100_5\232-T1.png,MPHD\232-121100_5\232-T2-5.png,MPHD\232-121100_5\232-121100_5.json,MPHD\232-121100_5\Chars,80,368,60,259,140,627,5,4,9
233,12,1,Primary School,1,Male,0,Right-handed,0,No glasses,5,History,MPHD\233-121100_5\233-121100_5.png,MPHD\233-121100_5\233-T1.png,MPHD\233-121100_5\233-T2-5.png,MPHD\233-121100_5\233-121100_5.json,MPHD\233-121100_5\Chars,80,368,65,262,145,630,5,4,9
234,13,1,Primary School,1,Male,0,Right-handed,0,No glasses,5,History,MPHD\234-131100_5\234-131100_5.png,MPHD\234-131100_5\234-T1.png,MPHD\234-131100_5\234-T2-5.png,MPHD\234-131100_5\234-131100_5.json,MPHD\234-131100_5\Chars,80,368,85,361,165,729,6,6,12
235,13,1,Primary School,1,Male,0,Right-handed,0,No glasses,5,History,MPHD\235-131100_5\235-131100_5.png,MPHD\235-131100_5\235-T1.png,MPHD\235-131100_5\235-T2-5.png,MPHD\235-131100_5\235-131100_5.json,MPHD\235-131100_5\Chars,80,368,89,326,169,694,6,5,11
236,13,1,Primary School,1,Male,0,Right-handed,0,No glasses,5,History,MPHD\236-131100_5\236-131100_5.png,MPHD\236-131100_5\236-T1.png,MPHD\236-131100_5\236-T2-5.png,MPHD\236-131100_5\236-131100_5.json,MPHD\236-131100_5\Chars,80,368,62,273,142,641,5,5,10
237,13,1,Primary School,1,Male,0,Right-handed,1,Uses glasses,5,History,MPHD\237-131101_5\237-131101_5.png,MPHD\237-131101_5\237-T1.png,MPHD\237-131101_5\237-T2-5.png,MPHD\237-131101_5\237-131101_5.json,MPHD\237-131101_5\Chars,80,368,87,323,167,691,6,6,12
238,12,1,Primary School,1,Male,0,Right-handed,0,No glasses,5,History,MPHD\238-121100_5\238-121100_5.png,MPHD\238-121100_5\238-T1.png,MPHD\238-121100_5\238-T2-5.png,MPHD\238-121100_5\238-121100_5.json,MPHD\238-121100_5\Chars,80,368,59,250,139,618,5,4,9
239,11,1,Primary School,1,Male,0,Right-handed,0,No glasses,5,History,MPHD\239-111100_5\239-111100_5.png,MPHD\239-111100_5\239-T1.png,MPHD\239-111100_5\239-T2-5.png,MPHD\239-111100_5\239-111100_5.json,MPHD\239-111100_5\Chars,80,368,79,327,159,695,6,6,12
240,12,1,Primary School,1,Male,1,Left-handed,0,No glasses,5,History,MPHD\240-121110_5\240-121110_5.png,MPHD\240-121110_5\240-T1.png,MPHD\240-121110_5\240-T2-5.png,MPHD\240-121110_5\240-121110_5.json,MPHD\240-121110_5\Chars,80,368,111,435,191,803,5,6,11
241,13,1,Primary School,1,Male,0,Right-handed,0,No glasses,5,History,MPHD\241-131100_5\241-131100_5.png,MPHD\241-131100_5\241-T1.png,MPHD\241-131100_5\241-T2-5.png,MPHD\241-131100_5\241-131100_5.json,MPHD\241-131100_5\Chars,80,368,83,304,163,672,7,6,13
242,12,1,Primary School,1,Male,0,Right-handed,0,No glasses,5,History,MPHD\242-121100_5\242-121100_5.png,MPHD\242-121100_5\242-T1.png,MPHD\242-121100_5\242-T2-5.png,MPHD\242-121100_5\242-121100_5.json,MPHD\242-121100_5\Chars,80,368,64,277,144,645,6,4,10
243,13,1,Primary School,1,Male,1,Left-handed,0,No glasses,5,History,MPHD\243-131110_5\243-131110_5.png,MPHD\243-131110_5\243-T1.png,MPHD\243-131110_5\243-T2-5.png,MPHD\243-131110_5\243-131110_5.json,MPHD\243-131110_5\Chars,80,368,76,303,156,671,6,5,11
244,12,1,Primary School,1,Male,0,Right-handed,0,No glasses,5,History,MPHD\244-121100_5\244-121100_5.png,MPHD\244-121100_5\244-T1.png,MPHD\244-121100_5\244-T2-5.png,MPHD\244-121100_5\244-121100_5.json,MPHD\244-121100_5\Chars,80,368,89,375,169,743,5,5,10
245,12,1,Primary School,1,Male,0,Right-handed,1,Uses glasses,5,History,MPHD\245-121101_5\245-121101_5.png,MPHD\245-121101_5\245-T1.png,MPHD\245-121101_5\245-T2-5.png,MPHD\245-121101_5\245-121101_5.json,MPHD\245-121101_5\Chars,80,368,90,418,170,786,6,6,12
246,12,1,Primary School,1,Male,0,Right-handed,0,No glasses,5,History,MPHD\246-121100_5\246-121100_5.png,MPHD\246-121100_5\246-T1.png,MPHD\246-121100_5\246-T2-5.png,MPHD\246-121100_5\246-121100_5.json,MPHD\246-121100_5\Chars,80,368,98,479,178,847,4,5,9
247,13,1,Primary School,1,Male,1,Left-handed,0,No glasses,5,History,MPHD\247-131110_5\247-131110_5.png,MPHD\247-131110_5\247-T1.png,MPHD\247-131110_5\247-T2-5.png,MPHD\247-131110_5\247-131110_5.json,MPHD\247-131110_5\Chars,80,368,95,417,175,785,4,6,10
248,13,1,Primary School,1,Male,0,Right-handed,0,No glasses,5,History,MPHD\248-131100_5\248-131100_5.png,MPHD\248-131100_5\248-T1.png,MPHD\248-131100_5\248-T2-5.png,MPHD\248-131100_5\248-131100_5.json,MPHD\248-131100_5\Chars,80,368,65,316,145,684,6,6,12
249,12,1,Primary School,1,Male,0,Right-handed,0,No glasses,5,History,MPHD\249-121100_5\249-121100_5.png,MPHD\249-121100_5\249-T1.png,MPHD\249-121100_5\249-T2-5.png,MPHD\249-121100_5\249-121100_5.json,MPHD\249-121100_5\Chars,80,368,82,338,162,706,6,5,11
250,13,1,Primary School,1,Male,0,Right-handed,0,No glasses,5,History,MPHD\250-131100_5\250-131100_5.png,MPHD\250-131100_5\250-T1.png,MPHD\250-131100_5\250-T2-5.png,MPHD\250-131100_5\250-131100_5.json,MPHD\250-131100_5\Chars,80,368,54,257,134,625,6,4,10
251,23,4,Bachelor,1,Male,0,Right-handed,1,Uses glasses,3,Technology,MPHD\251-234101_3\251-234101_3.png,MPHD\251-234101_3\251-T1.png,MPHD\251-234101_3\251-T2-3.png,MPHD\251-234101_3\251-234101_3.json,MPHD\251-234101_3\Chars,80,368,70,294,150,662,5,4,9
252,19,4,Bachelor,1,Male,0,Right-handed,0,No glasses,1,Sport,MPHD\252-194100_1\252-194100_1.png,MPHD\252-194100_1\252-T1.png,MPHD\252-194100_1\252-T2-1.png,MPHD\252-194100_1\252-194100_1.json,MPHD\252-194100_1\Chars,80,368,87,349,167,717,4,4,8
253,19,4,Bachelor,1,Male,0,Right-handed,0,No glasses,3,Technology,MPHD\253-194100_3\253-194100_3.png,MPHD\253-194100_3\253-T1.png,MPHD\253-194100_3\253-T2-3.png,MPHD\253-194100_3\253-194100_3.json,MPHD\253-194100_3\Chars,80,368,66,299,146,667,6,4,10
254,23,4,Bachelor,1,Male,0,Right-handed,1,Uses glasses,3,Technology,MPHD\254-234101_3\254-234101_3.png,MPHD\254-234101_3\254-T1.png,MPHD\254-234101_3\254-T2-3.png,MPHD\254-234101_3\254-234101_3.json,MPHD\254-234101_3\Chars,80,368,77,340,157,708,5,5,10
255,19,4,Bachelor,1,Male,0,Right-handed,0,No glasses,3,Technology,MPHD\255-194100_3\255-194100_3.png,MPHD\255-194100_3\255-T1.png,MPHD\255-194100_3\255-T2-3.png,MPHD\255-194100_3\255-194100_3.json,MPHD\255-194100_3\Chars,80,368,57,233,137,601,6,4,10
256,19,4,Bachelor,1,Male,1,Left-handed,0,No glasses,3,Technology,MPHD\256-194110_3\256-194110_3.png,MPHD\256-194110_3\256-T1.png,MPHD\256-194110_3\256-T2-3.png,MPHD\256-194110_3\256-194110_3.json,MPHD\256-194110_3\Chars,80,368,65,311,145,679,7,5,12
257,19,4,Bachelor,1,Male,0,Right-handed,0,No glasses,1,Sport,MPHD\257-194100_1\257-194100_1.png,MPHD\257-194100_1\257-T1.png,MPHD\257-194100_1\257-T2-1.png,MPHD\257-194100_1\257-194100_1.json,MPHD\257-194100_1\Chars,80,368,58,239,138,607,6,4,10
258,25,4,Bachelor,1,Male,0,Right-handed,0,No glasses,3,Technology,MPHD\258-254100_3\258-254100_3.png,MPHD\258-254100_3\258-T1.png,MPHD\258-254100_3\258-T2-3.png,MPHD\258-254100_3\258-254100_3.json,MPHD\258-254100_3\Chars,80,368,59,255,139,623,6,4,10
259,19,4,Bachelor,1,Male,0,Right-handed,1,Uses glasses,1,Sport,MPHD\259-194101_1\259-194101_1.png,MPHD\259-194101_1\259-T1.png,MPHD\259-194101_1\259-T2-1.png,MPHD\259-194101_1\259-194101_1.json,MPHD\259-194101_1\Chars,80,368,78,323,158,691,6,6,12
260,20,4,Bachelor,1,Male,1,Left-handed,0,No glasses,1,Sport,MPHD\260-204110_1\260-204110_1.png,MPHD\260-204110_1\260-T1.png,MPHD\260-204110_1\260-T2-1.png,MPHD\260-204110_1\260-204110_1.json,MPHD\260-204110_1\Chars,80,368,74,356,154,724,6,5,11
261,20,4,Bachelor,1,Male,0,Right-handed,1,Uses glasses,1,Sport,MPHD\261-204101_1\261-204101_1.png,MPHD\261-204101_1\261-T1.png,MPHD\261-204101_1\261-T2-1.png,MPHD\261-204101_1\261-204101_1.json,MPHD\261-204101_1\Chars,80,368,65,258,145,626,6,4,10
262,22,4,Bachelor,1,Male,0,Right-handed,0,No glasses,1,Sport,MPHD\262-224100_1\262-224100_1.png,MPHD\262-224100_1\262-T1.png,MPHD\262-224100_1\262-T2-1.png,MPHD\262-224100_1\262-224100_1.json,MPHD\262-224100_1\Chars,80,368,57,215,137,583,5,3,8
263,19,4,Bachelor,1,Male,0,Right-handed,0,No glasses,3,Technology,MPHD\263-194100_3\263-194100_3.png,MPHD\263-194100_3\263-T1.png,MPHD\263-194100_3\263-T2-3.png,MPHD\263-194100_3\263-194100_3.json,MPHD\263-194100_3\Chars,80,368,71,337,151,705,5,4,9
264,19,4,Bachelor,1,Male,0,Right-handed,0,No glasses,3,Technology,MPHD\264-194100_3\264-194100_3.png,MPHD\264-194100_3\264-T1.png,MPHD\264-194100_3\264-T2-3.png,MPHD\264-194100_3\264-194100_3.json,MPHD\264-194100_3\Chars,80,368,75,389,155,757,5,5,10
265,21,4,Bachelor,1,Male,0,Right-handed,0,No glasses,3,Technology,MPHD\265-214100_3\265-214100_3.png,MPHD\265-214100_3\265-T1.png,MPHD\265-214100_3\265-T2-3.png,MPHD\265-214100_3\265-214100_3.json,MPHD\265-214100_3\Chars,80,368,76,300,156,668,5,4,9
266,19,4,Bachelor,1,Male,0,Right-handed,1,Uses glasses,3,Technology,MPHD\266-194101_3\266-194101_3.png,MPHD\266-194101_3\266-T1.png,MPHD\266-194101_3\266-T2-3.png,MPHD\266-194101_3\266-194101_3.json,MPHD\266-194101_3\Chars,80,368,86,382,166,750,5,5,10
267,23,4,Bachelor,1,Male,1,Left-handed,1,Uses glasses,3,Technology,MPHD\267-234111_3\267-234111_3.png,MPHD\267-234111_3\267-T1.png,MPHD\267-234111_3\267-T2-3.png,MPHD\267-234111_3\267-234111_3.json,MPHD\267-234111_3\Chars,80,368,51,229,131,597,7,4,11
268,21,4,Bachelor,1,Male,0,Right-handed,1,Uses glasses,3,Technology,MPHD\268-214101_3\268-214101_3.png,MPHD\268-214101_3\268-T1.png,MPHD\268-214101_3\268-T2-3.png,MPHD\268-214101_3\268-214101_3.json,MPHD\268-214101_3\Chars,80,368,54,237,134,605,6,4,10
269,22,4,Bachelor,1,Male,0,Right-handed,0,No glasses,3,Technology,MPHD\269-224100_3\269-224100_3.png,MPHD\269-224100_3\269-T1.png,MPHD\269-224100_3\269-T2-3.png,MPHD\269-224100_3\269-224100_3.json,MPHD\269-224100_3\Chars,80,368,74,300,154,668,6,5,11
270,21,4,Bachelor,1,Male,0,Right-handed,1,Uses glasses,3,Technology,MPHD\270-214101_3\270-214101_3.png,MPHD\270-214101_3\270-T1.png,MPHD\270-214101_3\270-T2-3.png,MPHD\270-214101_3\270-214101_3.json,MPHD\270-214101_3\Chars,80,368,54,212,134,580,6,4,10
271,20,4,Bachelor,1,Male,0,Right-handed,1,Uses glasses,1,Sport,MPHD\271-204101_1\271-204101_1.png,MPHD\271-204101_1\271-T1.png,MPHD\271-204101_1\271-T2-1.png,MPHD\271-204101_1\271-204101_1.json,MPHD\271-204101_1\Chars,80,368,95,381,175,749,6,7,13
272,20,4,Bachelor,1,Male,0,Right-handed,0,No glasses,1,Sport,MPHD\272-204100_1\272-204100_1.png,MPHD\272-204100_1\272-T1.png,MPHD\272-204100_1\272-T2-1.png,MPHD\272-204100_1\272-204100_1.json,MPHD\272-204100_1\Chars,80,368,62,254,142,622,6,5,11
273,20,4,Bachelor,1,Male,0,Right-handed,0,No glasses,1,Sport,MPHD\273-204100_1\273-204100_1.png,MPHD\273-204100_1\273-T1.png,MPHD\273-204100_1\273-T2-1.png,MPHD\273-204100_1\273-204100_1.json,MPHD\273-204100_1\Chars,80,368,60,272,140,640,7,5,12
274,19,4,Bachelor,1,Male,0,Right-handed,1,Uses glasses,3,Technology,MPHD\274-194101_3\274-194101_3.png,MPHD\274-194101_3\274-T1.png,MPHD\274-194101_3\274-T2-3.png,MPHD\274-194101_3\274-194101_3.json,MPHD\274-194101_3\Chars,80,368,68,328,148,696,5,4,9
275,19,4,Bachelor,1,Male,0,Right-handed,1,Uses glasses,3,Technology,MPHD\275-194101_3\275-194101_3.png,MPHD\275-194101_3\275-T1.png,MPHD\275-194101_3\275-T2-3.png,MPHD\275-194101_3\275-194101_3.json,MPHD\275-194101_3\Chars,80,368,64,288,144,656,5,4,9
276,20,4,Bachelor,1,Male,0,Right-handed,0,No glasses,1,Sport,MPHD\276-204100_1\276-204100_1.png,MPHD\276-204100_1\276-T1.png,MPHD\276-204100_1\276-T2-1.png,MPHD\276-204100_1\276-204100_1.json,MPHD\276-204100_1\Chars,80,368,51,203,131,571,6,4,10
277,21,4,Bachelor,1,Male,0,Right-handed,0,No glasses,3,Technology,MPHD\277-214100_3\277-214100_3.png,MPHD\277-214100_3\277-T1.png,MPHD\277-214100_3\277-T2-3.png,MPHD\277-214100_3\277-214100_3.json,MPHD\277-214100_3\Chars,80,368,72,299,152,667,7,6,13
278,20,4,Bachelor,1,Male,1,Left-handed,1,Uses glasses,3,Technology,MPHD\278-204111_3\278-204111_3.png,MPHD\278-204111_3\278-T1.png,MPHD\278-204111_3\278-T2-3.png,MPHD\278-204111_3\278-204111_3.json,MPHD\278-204111_3\Chars,80,368,48,257,128,625,6,4,10
279,19,4,Bachelor,1,Male,0,Right-handed,0,No glasses,1,Sport,MPHD\279-194100_1\279-194100_1.png,MPHD\279-194100_1\279-T1.png,MPHD\279-194100_1\279-T2-1.png,MPHD\279-194100_1\279-194100_1.json,MPHD\279-194100_1\Chars,80,368,52,235,132,603,5,3,8
280,22,4,Bachelor,1,Male,0,Right-handed,0,No glasses,3,Technology,MPHD\280-224100_3\280-224100_3.png,MPHD\280-224100_3\280-T1.png,MPHD\280-224100_3\280-T2-3.png,MPHD\280-224100_3\280-224100_3.json,MPHD\280-224100_3\Chars,80,368,52,246,132,614,5,3,8
281,20,4,Bachelor,1,Male,0,Right-handed,0,No glasses,1,Sport,MPHD\281-204100_1\281-204100_1.png,MPHD\281-204100_1\281-T1.png,MPHD\281-204100_1\281-T2-1.png,MPHD\281-204100_1\281-204100_1.json,MPHD\281-204100_1\Chars,80,368,80,341,160,709,5,5,10
282,22,4,Bachelor,1,Male,0,Right-handed,1,Uses glasses,3,Technology,MPHD\282-224101_3\282-224101_3.png,MPHD\282-224101_3\282-T1.png,MPHD\282-224101_3\282-T2-3.png,MPHD\282-224101_3\282-224101_3.json,MPHD\282-224101_3\Chars,80,368,61,255,141,623,6,5,11
283,22,4,Bachelor,1,Male,0,Right-handed,1,Uses glasses,3,Technology,MPHD\283-224101_3\283-224101_3.png,MPHD\283-224101_3\283-T1.png,MPHD\283-224101_3\283-T2-3.png,MPHD\283-224101_3\283-224101_3.json,MPHD\283-224101_3\Chars,80,368,82,355,162,723,6,5,11
284,19,4,Bachelor,1,Male,0,Right-handed,0,No glasses,3,Technology,MPHD\284-194100_3\284-194100_3.png,MPHD\284-194100_3\284-T1.png,MPHD\284-194100_3\284-T2-3.png,MPHD\284-194100_3\284-194100_3.json,MPHD\284-194100_3\Chars,80,368,75,334,155,702,6,5,11
285,19,4,Bachelor,1,Male,0,Right-handed,0,No glasses,3,Technology,MPHD\285-194100_3\285-194100_3.png,MPHD\285-194100_3\285-T1.png,MPHD\285-194100_3\285-T2-3.png,MPHD\285-194100_3\285-194100_3.json,MPHD\285-194100_3\Chars,80,368,80,323,160,691,5,4,9
286,21,4,Bachelor,1,Male,1,Left-handed,1,Uses glasses,1,Sport,MPHD\286-214111_1\286-214111_1.png,MPHD\286-214111_1\286-T1.png,MPHD\286-214111_1\286-T2-1.png,MPHD\286-214111_1\286-214111_1.json,MPHD\286-214111_1\Chars,80,368,49,232,129,600,6,4,10
287,22,4,Bachelor,1,Male,1,Left-handed,0,No glasses,3,Technology,MPHD\287-224110_3\287-224110_3.png,MPHD\287-224110_3\287-T1.png,MPHD\287-224110_3\287-T2-3.png,MPHD\287-224110_3\287-224110_3.json,MPHD\287-224110_3\Chars,80,368,63,290,143,658,7,6,13
288,22,4,Bachelor,1,Male,0,Right-handed,1,Uses glasses,3,Technology,MPHD\288-224101_3\288-224101_3.png,MPHD\288-224101_3\288-T1.png,MPHD\288-224101_3\288-T2-3.png,MPHD\288-224101_3\288-224101_3.json,MPHD\288-224101_3\Chars,80,368,64,279,144,647,6,4,10
289,21,4,Bachelor,1,Male,0,Right-handed,1,Uses glasses,3,Technology,MPHD\289-214101_3\289-214101_3.png,MPHD\289-214101_3\289-T1.png,MPHD\289-214101_3\289-T2-3.png,MPHD\289-214101_3\289-214101_3.json,MPHD\289-214101_3\Chars,80,368,71,310,151,678,6,5,11
290,21,4,Bachelor,1,Male,0,Right-handed,0,No glasses,3,Technology,MPHD\290-214100_3\290-214100_3.png,MPHD\290-214100_3\290-T1.png,MPHD\290-214100_3\290-T2-3.png,MPHD\290-214100_3\290-214100_3.json,MPHD\290-214100_3\Chars,80,368,73,321,153,689,7,6,13
291,22,4,Bachelor,1,Male,0,Right-handed,1,Uses glasses,3,Technology,MPHD\291-224101_3\291-224101_3.png,MPHD\291-224101_3\291-T1.png,MPHD\291-224101_3\291-T2-3.png,MPHD\291-224101_3\291-224101_3.json,MPHD\291-224101_3\Chars,80,368,76,329,156,697,6,5,11
292,18,4,Bachelor,1,Male,0,Right-handed,1,Uses glasses,3,Technology,MPHD\292-184101_3\292-184101_3.png,MPHD\292-184101_3\292-T1.png,MPHD\292-184101_3\292-T2-3.png,MPHD\292-184101_3\292-184101_3.json,MPHD\292-184101_3\Chars,80,368,84,382,164,750,5,5,10
293,24,4,Bachelor,1,Male,0,Right-handed,0,No glasses,3,Technology,MPHD\293-244100_3\293-244100_3.png,MPHD\293-244100_3\293-T1.png,MPHD\293-244100_3\293-T2-3.png,MPHD\293-244100_3\293-244100_3.json,MPHD\293-244100_3\Chars,80,368,57,258,137,626,4,3,7
294,24,4,Bachelor,1,Male,0,Right-handed,0,No glasses,3,Technology,MPHD\294-244100_3\294-244100_3.png,MPHD\294-244100_3\294-T1.png,MPHD\294-244100_3\294-T2-3.png,MPHD\294-244100_3\294-244100_3.json,MPHD\294-244100_3\Chars,80,368,63,326,143,694,5,5,10
295,23,4,Bachelor,1,Male,0,Right-handed,0,No glasses,3,Technology,MPHD\295-234100_3\295-234100_3.png,MPHD\295-234100_3\295-T1.png,MPHD\295-234100_3\295-T2-3.png,MPHD\295-234100_3\295-234100_3.json,MPHD\295-234100_3\Chars,80,368,68,297,148,665,5,4,9
296,20,4,Bachelor,1,Male,0,Right-handed,0,No glasses,1,Sport,MPHD\296-204100_1\296-204100_1.png,MPHD\296-204100_1\296-T1.png,MPHD\296-204100_1\296-T2-1.png,MPHD\296-204100_1\296-204100_1.json,MPHD\296-204100_1\Chars,80,368,69,278,149,646,5,4,9
297,23,4,Bachelor,1,Male,0,Right-handed,1,Uses glasses,1,Sport,MPHD\297-234101_1\297-234101_1.png,MPHD\297-234101_1\297-T1.png,MPHD\297-234101_1\297-T2-1.png,MPHD\297-234101_1\297-234101_1.json,MPHD\297-234101_1\Chars,80,368,80,317,160,685,6,5,11
298,22,4,Bachelor,1,Male,0,Right-handed,0,No glasses,1,Sport,MPHD\298-224100_1\298-224100_1.png,MPHD\298-224100_1\298-T1.png,MPHD\298-224100_1\298-T2-1.png,MPHD\298-224100_1\298-224100_1.json,MPHD\298-224100_1\Chars,80,368,78,297,158,665,6,5,11
299,24,4,Bachelor,1,Male,0,Right-handed,0,No glasses,1,Sport,MPHD\299-244100_1\299-244100_1.png,MPHD\299-244100_1\299-T1.png,MPHD\299-244100_1\299-T2-1.png,MPHD\299-244100_1\299-244100_1.json,MPHD\299-244100_1\Chars,80,368,72,286,152,654,5,4,9
300,22,4,Bachelor,1,Male,0,Right-handed,1,Uses glasses,1,Sport,MPHD\300-224101_1\300-224101_1.png,MPHD\300-224101_1\300-T1.png,MPHD\300-224101_1\300-T2-1.png,MPHD\300-224101_1\300-224101_1.json,MPHD\300-224101_1\Chars,80,368,63,247,143,615,6,4,10
301,17,3,High School,1,Male,1,Left-handed,0,No glasses,2,Health,MPHD\301-173110_2\301-173110_2.png,MPHD\301-173110_2\301-T1.png,MPHD\301-173110_2\301-T2-2.png,MPHD\301-173110_2\301-173110_2.json,MPHD\301-173110_2\Chars,80,368,51,202,131,570,4,2,6
302,17,3,High School,1,Male,0,Right-handed,0,No glasses,2,Health,MPHD\302-173100_2\302-173100_2.png,MPHD\302-173100_2\302-T1.png,MPHD\302-173100_2\302-T2-2.png,MPHD\302-173100_2\302-173100_2.json,MPHD\302-173100_2\Chars,80,368,71,293,151,661,5,3,8
303,16,3,High School,1,Male,0,Right-handed,0,No glasses,2,Health,MPHD\303-163100_2\303-163100_2.png,MPHD\303-163100_2\303-T1.png,MPHD\303-163100_2\303-T2-2.png,MPHD\303-163100_2\303-163100_2.json,MPHD\303-163100_2\Chars,80,368,88,329,168,697,5,5,10
304,16,3,High School,1,Male,0,Right-handed,0,No glasses,2,Health,MPHD\304-163100_2\304-163100_2.png,MPHD\304-163100_2\304-T1.png,MPHD\304-163100_2\304-T2-2.png,MPHD\304-163100_2\304-163100_2.json,MPHD\304-163100_2\Chars,80,368,47,198,127,566,5,3,8
305,16,3,High School,1,Male,1,Left-handed,0,No glasses,2,Health,MPHD\305-163110_2\305-163110_2.png,MPHD\305-163110_2\305-T1.png,MPHD\305-163110_2\305-T2-2.png,MPHD\305-163110_2\305-163110_2.json,MPHD\305-163110_2\Chars,80,368,54,262,134,630,4,3,7
306,16,3,High School,1,Male,0,Right-handed,1,Uses glasses,2,Health,MPHD\306-163101_2\306-163101_2.png,MPHD\306-163101_2\306-T1.png,MPHD\306-163101_2\306-T2-2.png,MPHD\306-163101_2\306-163101_2.json,MPHD\306-163101_2\Chars,80,368,66,284,146,652,5,4,9
307,16,3,High School,1,Male,0,Right-handed,0,No glasses,2,Health,MPHD\307-163100_2\307-163100_2.png,MPHD\307-163100_2\307-T1.png,MPHD\307-163100_2\307-T2-2.png,MPHD\307-163100_2\307-163100_2.json,MPHD\307-163100_2\Chars,80,368,76,281,156,649,7,5,12
308,16,3,High School,1,Male,0,Right-handed,0,No glasses,2,Health,MPHD\308-163100_2\308-163100_2.png,MPHD\308-163100_2\308-T1.png,MPHD\308-163100_2\308-T2-2.png,MPHD\308-163100_2\308-163100_2.json,MPHD\308-163100_2\Chars,80,368,81,358,161,726,5,5,10
309,16,3,High School,1,Male,0,Right-handed,0,No glasses,2,Health,MPHD\309-163100_2\309-163100_2.png,MPHD\309-163100_2\309-T1.png,MPHD\309-163100_2\309-T2-2.png,MPHD\309-163100_2\309-163100_2.json,MPHD\309-163100_2\Chars,80,368,45,203,125,571,4,3,7
310,17,3,High School,1,Male,0,Right-handed,1,Uses glasses,2,Health,MPHD\310-173101_2\310-173101_2.png,MPHD\310-173101_2\310-T1.png,MPHD\310-173101_2\310-T2-2.png,MPHD\310-173101_2\310-173101_2.json,MPHD\310-173101_2\Chars,80,368,53,219,133,587,5,3,8
311,17,3,High School,1,Male,0,Right-handed,0,No glasses,2,Health,MPHD\311-173100_2\311-173100_2.png,MPHD\311-173100_2\311-T1.png,MPHD\311-173100_2\311-T2-2.png,MPHD\311-173100_2\311-173100_2.json,MPHD\311-173100_2\Chars,80,368,48,208,128,576,5,3,8
312,16,3,High School,1,Male,0,Right-handed,0,No glasses,2,Health,MPHD\312-163100_2\312-163100_2.png,MPHD\312-163100_2\312-T1.png,MPHD\312-163100_2\312-T2-2.png,MPHD\312-163100_2\312-163100_2.json,MPHD\312-163100_2\Chars,80,368,34,153,114,521,5,2,7
313,16,3,High School,1,Male,1,Left-handed,0,No glasses,2,Health,MPHD\313-163110_2\313-163110_2.png,MPHD\313-163110_2\313-T1.png,MPHD\313-163110_2\313-T2-2.png,MPHD\313-163110_2\313-163110_2.json,MPHD\313-163110_2\Chars,80,368,60,248,140,616,5,4,9
314,17,3,High School,1,Male,0,Right-handed,0,No glasses,2,Health,MPHD\314-173100_2\314-173100_2.png,MPHD\314-173100_2\314-T1.png,MPHD\314-173100_2\314-T2-2.png,MPHD\314-173100_2\314-173100_2.json,MPHD\314-173100_2\Chars,80,368,65,261,145,629,6,4,10
315,17,3,High School,1,Male,0,Right-handed,0,No glasses,2,Health,MPHD\315-173100_2\315-173100_2.png,MPHD\315-173100_2\315-T1.png,MPHD\315-173100_2\315-T2-2.png,MPHD\315-173100_2\315-173100_2.json,MPHD\315-173100_2\Chars,80,368,69,302,149,670,5,4,9
316,16,3,High School,1,Male,0,Right-handed,0,No glasses,2,Health,MPHD\316-163100_2\316-163100_2.png,MPHD\316-163100_2\316-T1.png,MPHD\316-163100_2\316-T2-2.png,MPHD\316-163100_2\316-163100_2.json,MPHD\316-163100_2\Chars,80,368,65,254,145,622,7,4,11
317,17,3,High School,1,Male,0,Right-handed,1,Uses glasses,2,Health,MPHD\317-173101_2\317-173101_2.png,MPHD\317-173101_2\317-T1.png,MPHD\317-173101_2\317-T2-2.png,MPHD\317-173101_2\317-173101_2.json,MPHD\317-173101_2\Chars,80,368,63,251,143,619,5,4,9
318,17,3,High School,1,Male,0,Right-handed,1,Uses glasses,2,Health,MPHD\318-173101_2\318-173101_2.png,MPHD\318-173101_2\318-T1.png,MPHD\318-173101_2\318-T2-2.png,MPHD\318-173101_2\318-173101_2.json,MPHD\318-173101_2\Chars,80,368,76,287,156,655,5,4,9
319,16,3,High School,1,Male,0,Right-handed,0,No glasses,2,Health,MPHD\319-163100_2\319-163100_2.png,MPHD\319-163100_2\319-T1.png,MPHD\319-163100_2\319-T2-2.png,MPHD\319-163100_2\319-163100_2.json,MPHD\319-163100_2\Chars,80,368,74,324,154,692,5,4,9
320,16,3,High School,1,Male,0,Right-handed,0,No glasses,2,Health,MPHD\320-163100_2\320-163100_2.png,MPHD\320-163100_2\320-T1.png,MPHD\320-163100_2\320-T2-2.png,MPHD\320-163100_2\320-163100_2.json,MPHD\320-163100_2\Chars,80,368,83,357,163,725,6,6,12
321,16,3,High School,1,Male,0,Right-handed,0,No glasses,2,Health,MPHD\321-163100_2\321-163100_2.png,MPHD\321-163100_2\321-T1.png,MPHD\321-163100_2\321-T2-2.png,MPHD\321-163100_2\321-163100_2.json,MPHD\321-163100_2\Chars,80,368,68,297,148,665,5,4,9
322,17,3,High School,1,Male,1,Left-handed,0,No glasses,2,Health,MPHD\322-173110_2\322-173110_2.png,MPHD\322-173110_2\322-T1.png,MPHD\322-173110_2\322-T2-2.png,MPHD\322-173110_2\322-173110_2.json,MPHD\322-173110_2\Chars,80,368,44,187,124,555,5,3,8
323,17,3,High School,1,Male,0,Right-handed,1,Uses glasses,2,Health,MPHD\323-173101_2\323-173101_2.png,MPHD\323-173101_2\323-T1.png,MPHD\323-173101_2\323-T2-2.png,MPHD\323-173101_2\323-173101_2.json,MPHD\323-173101_2\Chars,80,368,40,162,120,530,5,2,7
324,17,3,High School,1,Male,0,Right-handed,0,No glasses,2,Health,MPHD\324-173100_2\324-173100_2.png,MPHD\324-173100_2\324-T1.png,MPHD\324-173100_2\324-T2-2.png,MPHD\324-173100_2\324-173100_2.json,MPHD\324-173100_2\Chars,80,368,50,233,130,601,5,3,8
325,17,3,High School,1,Male,0,Right-handed,0,No glasses,2,Health,MPHD\325-173100_2\325-173100_2.png,MPHD\325-173100_2\325-T1.png,MPHD\325-173100_2\325-T2-2.png,MPHD\325-173100_2\325-173100_2.json,MPHD\325-173100_2\Chars,80,368,75,290,155,658,7,5,12
326,16,3,High School,1,Male,0,Right-handed,1,Uses glasses,2,Health,MPHD\326-163101_2\326-163101_2.png,MPHD\326-163101_2\326-T1.png,MPHD\326-163101_2\326-T2-2.png,MPHD\326-163101_2\326-163101_2.json,MPHD\326-163101_2\Chars,80,368,59,266,139,634,7,5,12
327,17,3,High School,1,Male,0,Right-handed,0,No glasses,2,Health,MPHD\327-173100_2\327-173100_2.png,MPHD\327-173100_2\327-T1.png,MPHD\327-173100_2\327-T2-2.png,MPHD\327-173100_2\327-173100_2.json,MPHD\327-173100_2\Chars,80,368,42,196,122,564,3,2,5
328,16,3,High School,1,Male,0,Right-handed,1,Uses glasses,2,Health,MPHD\328-163101_2\328-163101_2.png,MPHD\328-163101_2\328-T1.png,MPHD\328-163101_2\328-T2-2.png,MPHD\328-163101_2\328-163101_2.json,MPHD\328-163101_2\Chars,80,368,64,281,144,649,7,5,12
329,16,3,High School,1,Male,0,Right-handed,0,No glasses,2,Health,MPHD\329-163100_2\329-163100_2.png,MPHD\329-163100_2\329-T1.png,MPHD\329-163100_2\329-T2-2.png,MPHD\329-163100_2\329-163100_2.json,MPHD\329-163100_2\Chars,80,368,48,196,128,564,6,3,9
330,16,3,High School,1,Male,0,Right-handed,1,Uses glasses,2,Health,MPHD\330-163101_2\330-163101_2.png,MPHD\330-163101_2\330-T1.png,MPHD\330-163101_2\330-T2-2.png,MPHD\330-163101_2\330-163101_2.json,MPHD\330-163101_2\Chars,80,368,65,263,145,631,6,4,10
331,16,3,High School,1,Male,0,Right-handed,0,No glasses,2,Health,MPHD\331-163100_2\331-163100_2.png,MPHD\331-163100_2\331-T1.png,MPHD\331-163100_2\331-T2-2.png,MPHD\331-163100_2\331-163100_2.json,MPHD\331-163100_2\Chars,80,368,37,169,117,537,5,3,8
332,17,3,High School,1,Male,0,Right-handed,1,Uses glasses,2,Health,MPHD\332-173101_2\332-173101_2.png,MPHD\332-173101_2\332-T1.png,MPHD\332-173101_2\332-T2-2.png,MPHD\332-173101_2\332-173101_2.json,MPHD\332-173101_2\Chars,80,368,51,212,131,580,7,4,11
333,16,3,High School,1,Male,0,Right-handed,0,No glasses,2,Health,MPHD\333-163100_2\333-163100_2.png,MPHD\333-163100_2\333-T1.png,MPHD\333-163100_2\333-T2-2.png,MPHD\333-163100_2\333-163100_2.json,MPHD\333-163100_2\Chars,80,368,65,283,145,651,5,4,9
334,17,3,High School,1,Male,0,Right-handed,0,No glasses,2,Health,MPHD\334-173100_2\334-173100_2.png,MPHD\334-173100_2\334-T1.png,MPHD\334-173100_2\334-T2-2.png,MPHD\334-173100_2\334-173100_2.json,MPHD\334-173100_2\Chars,80,368,81,340,161,708,8,7,15
335,17,3,High School,1,Male,0,Right-handed,0,No glasses,2,Health,MPHD\335-173100_2\335-173100_2.png,MPHD\335-173100_2\335-T1.png,MPHD\335-173100_2\335-T2-2.png,MPHD\335-173100_2\335-173100_2.json,MPHD\335-173100_2\Chars,80,368,87,320,167,688,5,4,9
336,17,3,High School,1,Male,0,Right-handed,0,No glasses,2,Health,MPHD\336-173100_2\336-173100_2.png,MPHD\336-173100_2\336-T1.png,MPHD\336-173100_2\336-T2-2.png,MPHD\336-173100_2\336-173100_2.json,MPHD\336-173100_2\Chars,80,368,77,303,157,671,5,4,9
337,16,3,High School,1,Male,0,Right-handed,0,No glasses,2,Health,MPHD\337-163100_2\337-163100_2.png,MPHD\337-163100_2\337-T1.png,MPHD\337-163100_2\337-T2-2.png,MPHD\337-163100_2\337-163100_2.json,MPHD\337-163100_2\Chars,80,368,53,216,133,584,6,3,9
338,16,3,High School,1,Male,0,Right-handed,0,No glasses,2,Health,MPHD\338-163100_2\338-163100_2.png,MPHD\338-163100_2\338-T1.png,MPHD\338-163100_2\338-T2-2.png,MPHD\338-163100_2\338-163100_2.json,MPHD\338-163100_2\Chars,80,368,50,182,130,550,6,3,9
339,16,3,High School,1,Male,0,Right-handed,0,No glasses,2,Health,MPHD\339-163100_2\339-163100_2.png,MPHD\339-163100_2\339-T1.png,MPHD\339-163100_2\339-T2-2.png,MPHD\339-163100_2\339-163100_2.json,MPHD\339-163100_2\Chars,80,368,53,229,133,597,6,4,10
340,16,3,High School,1,Male,0,Right-handed,0,No glasses,2,Health,MPHD\340-163100_2\340-163100_2.png,MPHD\340-163100_2\340-T1.png,MPHD\340-163100_2\340-T2-2.png,MPHD\340-163100_2\340-163100_2.json,MPHD\340-163100_2\Chars,80,368,55,228,135,596,6,3,9
341,15,3,High School,1,Male,0,Right-handed,1,Uses glasses,2,Health,MPHD\341-153101_2\341-153101_2.png,MPHD\341-153101_2\341-T1.png,MPHD\341-153101_2\341-T2-2.png,MPHD\341-153101_2\341-153101_2.json,MPHD\341-153101_2\Chars,80,368,74,291,154,659,5,4,9
342,15,3,High School,1,Male,0,Right-handed,1,Uses glasses,2,Health,MPHD\342-153101_2\342-153101_2.png,MPHD\342-153101_2\342-T1.png,MPHD\342-153101_2\342-T2-2.png,MPHD\342-153101_2\342-153101_2.json,MPHD\342-153101_2\Chars,80,368,72,297,152,665,3,3,6
343,16,3,High School,1,Male,0,Right-handed,0,No glasses,2,Health,MPHD\343-163100_2\343-163100_2.png,MPHD\343-163100_2\343-T1.png,MPHD\343-163100_2\343-T2-2.png,MPHD\343-163100_2\343-163100_2.json,MPHD\343-163100_2\Chars,80,368,80,328,160,696,4,4,8
344,17,3,High School,1,Male,0,Right-handed,0,No glasses,2,Health,MPHD\344-173100_2\344-173100_2.png,MPHD\344-173100_2\344-T1.png,MPHD\344-173100_2\344-T2-2.png,MPHD\344-173100_2\344-173100_2.json,MPHD\344-173100_2\Chars,80,368,53,240,133,608,7,5,12
345,16,3,High School,1,Male,0,Right-handed,0,No glasses,2,Health,MPHD\345-163100_2\345-163100_2.png,MPHD\345-163100_2\345-T1.png,MPHD\345-163100_2\345-T2-2.png,MPHD\345-163100_2\345-163100_2.json,MPHD\345-163100_2\Chars,80,368,67,264,147,632,6,4,10
346,16,3,High School,1,Male,0,Right-handed,0,No glasses,2,Health,MPHD\346-163100_2\346-163100_2.png,MPHD\346-163100_2\346-T1.png,MPHD\346-163100_2\346-T2-2.png,MPHD\346-163100_2\346-163100_2.json,MPHD\346-163100_2\Chars,80,368,73,283,153,651,6,6,12
347,16,3,High School,1,Male,0,Right-handed,1,Uses glasses,2,Health,MPHD\347-163101_2\347-163101_2.png,MPHD\347-163101_2\347-T1.png,MPHD\347-163101_2\347-T2-2.png,MPHD\347-163101_2\347-163101_2.json,MPHD\347-163101_2\Chars,80,368,56,241,136,609,5,4,9
348,16,3,High School,1,Male,0,Right-handed,1,Uses glasses,2,Health,MPHD\348-163101_2\348-163101_2.png,MPHD\348-163101_2\348-T1.png,MPHD\348-163101_2\348-T2-2.png,MPHD\348-163101_2\348-163101_2.json,MPHD\348-163101_2\Chars,80,368,50,215,130,583,6,4,10
349,16,3,High School,1,Male,0,Right-handed,0,No glasses,2,Health,MPHD\349-163100_2\349-163100_2.png,MPHD\349-163100_2\349-T1.png,MPHD\349-163100_2\349-T2-2.png,MPHD\349-163100_2\349-163100_2.json,MPHD\349-163100_2\Chars,80,368,64,260,144,628,5,4,9
350,16,3,High School,1,Male,0,Right-handed,0,No glasses,2,Health,MPHD\350-163100_2\350-163100_2.png,MPHD\350-163100_2\350-T1.png,MPHD\350-163100_2\350-T2-2.png,MPHD\350-163100_2\350-163100_2.json,MPHD\350-163100_2\Chars,80,368,44,202,124,570,5,3,8
351,24,5,Postgraduate,1,Male,0,Right-handed,0,No glasses,3,Technology,MPHD\351-245100_3\351-245100_3.png,MPHD\351-245100_3\351-T1.png,MPHD\351-245100_3\351-T2-3.png,MPHD\351-245100_3\351-245100_3.json,MPHD\351-245100_3\Chars,80,368,81,364,161,732,7,6,13
352,27,5,Postgraduate,1,Male,0,Right-handed,1,Uses glasses,3,Technology,MPHD\352-275101_3\352-275101_3.png,MPHD\352-275101_3\352-T1.png,MPHD\352-275101_3\352-T2-3.png,MPHD\352-275101_3\352-275101_3.json,MPHD\352-275101_3\Chars,80,368,82,338,162,706,5,4,9
353,32,5,Postgraduate,1,Male,0,Right-handed,0,No glasses,3,Technology,MPHD\353-325100_3\353-325100_3.png,MPHD\353-325100_3\353-T1.png,MPHD\353-325100_3\353-T2-3.png,MPHD\353-325100_3\353-325100_3.json,MPHD\353-325100_3\Chars,80,368,68,321,148,689,5,5,10
354,28,5,Postgraduate,1,Male,0,Right-handed,1,Uses glasses,1,Sport,MPHD\354-285101_1\354-285101_1.png,MPHD\354-285101_1\354-T1.png,MPHD\354-285101_1\354-T2-1.png,MPHD\354-285101_1\354-285101_1.json,MPHD\354-285101_1\Chars,80,368,83,322,163,690,5,4,9
355,24,5,Postgraduate,1,Male,0,Right-handed,0,No glasses,1,Sport,MPHD\355-245100_1\355-245100_1.png,MPHD\355-245100_1\355-T1.png,MPHD\355-245100_1\355-T2-1.png,MPHD\355-245100_1\355-245100_1.json,MPHD\355-245100_1\Chars,80,368,52,226,132,594,6,4,10
356,35,5,Postgraduate,1,Male,0,Right-handed,0,No glasses,3,Technology,MPHD\356-355100_3\356-355100_3.png,MPHD\356-355100_3\356-T1.png,MPHD\356-355100_3\356-T2-3.png,MPHD\356-355100_3\356-355100_3.json,MPHD\356-355100_3\Chars,80,368,47,208,127,576,6,3,9
357,25,5,Postgraduate,1,Male,1,Left-handed,1,Uses glasses,1,Sport,MPHD\357-255111_1\357-255111_1.png,MPHD\357-255111_1\357-T1.png,MPHD\357-255111_1\357-T2-1.png,MPHD\357-255111_1\357-255111_1.json,MPHD\357-255111_1\Chars,80,368,59,222,139,590,6,4,10
358,30,5,Postgraduate,1,Male,0,Right-handed,0,No glasses,3,Technology,MPHD\358-305100_3\358-305100_3.png,MPHD\358-305100_3\358-T1.png,MPHD\358-305100_3\358-T2-3.png,MPHD\358-305100_3\358-305100_3.json,MPHD\358-305100_3\Chars,80,368,74,297,154,665,5,4,9
359,29,5,Postgraduate,1,Male,0,Right-handed,0,No glasses,3,Technology,MPHD\359-295100_3\359-295100_3.png,MPHD\359-295100_3\359-T1.png,MPHD\359-295100_3\359-T2-3.png,MPHD\359-295100_3\359-295100_3.json,MPHD\359-295100_3\Chars,80,368,55,245,135,613,6,4,10
360,34,5,Postgraduate,1,Male,0,Right-handed,0,No glasses,1,Sport,MPHD\360-345100_1\360-345100_1.png,MPHD\360-345100_1\360-T1.png,MPHD\360-345100_1\360-T2-1.png,MPHD\360-345100_1\360-345100_1.json,MPHD\360-345100_1\Chars,80,368,65,252,145,620,6,4,10
361,34,5,Postgraduate,1,Male,0,Right-handed,0,No glasses,3,Technology,MPHD\361-345100_3\361-345100_3.png,MPHD\361-345100_3\361-T1.png,MPHD\361-345100_3\361-T2-3.png,MPHD\361-345100_3\361-345100_3.json,MPHD\361-345100_3\Chars,80,368,57,274,137,642,6,5,11
362,24,5,Postgraduate,1,Male,1,Left-handed,0,No glasses,3,Technology,MPHD\362-245110_3\362-245110_3.png,MPHD\362-245110_3\362-T1.png,MPHD\362-245110_3\362-T2-3.png,MPHD\362-245110_3\362-245110_3.json,MPHD\362-245110_3\Chars,80,368,63,275,143,643,6,5,11
363,23,5,Postgraduate,1,Male,0,Right-handed,1,Uses glasses,1,Sport,MPHD\363-235101_1\363-235101_1.png,MPHD\363-235101_1\363-T1.png,MPHD\363-235101_1\363-T2-1.png,MPHD\363-235101_1\363-235101_1.json,MPHD\363-235101_1\Chars,80,368,64,275,144,643,7,5,12
364,26,5,Postgraduate,1,Male,0,Right-handed,1,Uses glasses,3,Technology,MPHD\364-265101_3\364-265101_3.png,MPHD\364-265101_3\364-T1.png,MPHD\364-265101_3\364-T2-3.png,MPHD\364-265101_3\364-265101_3.json,MPHD\364-265101_3\Chars,80,368,63,289,143,657,6,5,11
365,26,5,Postgraduate,1,Male,0,Right-handed,0,No glasses,1,Sport,MPHD\365-265100_1\365-265100_1.png,MPHD\365-265100_1\365-T1.png,MPHD\365-265100_1\365-T2-1.png,MPHD\365-265100_1\365-265100_1.json,MPHD\365-265100_1\Chars,80,368,70,324,150,692,6,5,11
366,24,5,Postgraduate,1,Male,0,Right-handed,0,No glasses,3,Technology,MPHD\366-245100_3\366-245100_3.png,MPHD\366-245100_3\366-T1.png,MPHD\366-245100_3\366-T2-3.png,MPHD\366-245100_3\366-245100_3.json,MPHD\366-245100_3\Chars,80,368,51,228,131,596,6,4,10
367,27,5,Postgraduate,1,Male,0,Right-handed,1,Uses glasses,1,Sport,MPHD\367-275101_1\367-275101_1.png,MPHD\367-275101_1\367-T1.png,MPHD\367-275101_1\367-T2-1.png,MPHD\367-275101_1\367-275101_1.json,MPHD\367-275101_1\Chars,80,368,84,356,164,724,8,7,15
368,23,5,Postgraduate,1,Male,0,Right-handed,0,No glasses,1,Sport,MPHD\368-235100_1\368-235100_1.png,MPHD\368-235100_1\368-T1.png,MPHD\368-235100_1\368-T2-1.png,MPHD\368-235100_1\368-235100_1.json,MPHD\368-235100_1\Chars,80,368,66,284,146,652,6,4,10
369,34,5,Postgraduate,1,Male,0,Right-handed,0,No glasses,3,Technology,MPHD\369-345100_3\369-345100_3.png,MPHD\369-345100_3\369-T1.png,MPHD\369-345100_3\369-T2-3.png,MPHD\369-345100_3\369-345100_3.json,MPHD\369-345100_3\Chars,80,368,55,242,135,610,5,4,9
370,22,5,Postgraduate,1,Male,0,Right-handed,0,No glasses,3,Technology,MPHD\370-225100_3\370-225100_3.png,MPHD\370-225100_3\370-T1.png,MPHD\370-225100_3\370-T2-3.png,MPHD\370-225100_3\370-225100_3.json,MPHD\370-225100_3\Chars,80,368,77,331,157,699,6,5,11
371,25,5,Postgraduate,1,Male,0,Right-handed,0,No glasses,3,Technology,MPHD\371-255100_3\371-255100_3.png,MPHD\371-255100_3\371-T1.png,MPHD\371-255100_3\371-T2-3.png,MPHD\371-255100_3\371-255100_3.json,MPHD\371-255100_3\Chars,80,368,68,275,148,643,6,4,10
372,24,5,Postgraduate,1,Male,0,Right-handed,0,No glasses,1,Sport,MPHD\372-245100_1\372-245100_1.png,MPHD\372-245100_1\372-T1.png,MPHD\372-245100_1\372-T2-1.png,MPHD\372-245100_1\372-245100_1.json,MPHD\372-245100_1\Chars,80,368,69,281,149,649,6,5,11
373,22,5,Postgraduate,1,Male,0,Right-handed,0,No glasses,1,Sport,MPHD\373-225100_1\373-225100_1.png,MPHD\373-225100_1\373-T1.png,MPHD\373-225100_1\373-T2-1.png,MPHD\373-225100_1\373-225100_1.json,MPHD\373-225100_1\Chars,80,368,60,213,140,581,6,4,10
374,24,5,Postgraduate,1,Male,0,Right-handed,1,Uses glasses,1,Sport,MPHD\374-245101_1\374-245101_1.png,MPHD\374-245101_1\374-T1.png,MPHD\374-245101_1\374-T2-1.png,MPHD\374-245101_1\374-245101_1.json,MPHD\374-245101_1\Chars,80,368,71,299,151,667,5,4,9
375,24,5,Postgraduate,1,Male,0,Right-handed,0,No glasses,1,Sport,MPHD\375-245100_1\375-245100_1.png,MPHD\375-245100_1\375-T1.png,MPHD\375-245100_1\375-T2-1.png,MPHD\375-245100_1\375-245100_1.json,MPHD\375-245100_1\Chars,80,368,72,303,152,671,6,4,10
376,23,5,Postgraduate,1,Male,0,Right-handed,0,No glasses,1,Sport,MPHD\376-235100_1\376-235100_1.png,MPHD\376-235100_1\376-T1.png,MPHD\376-235100_1\376-T2-1.png,MPHD\376-235100_1\376-235100_1.json,MPHD\376-235100_1\Chars,80,368,81,330,161,698,5,5,10
377,24,5,Postgraduate,1,Male,0,Right-handed,0,No glasses,1,Sport,MPHD\377-245100_1\377-245100_1.png,MPHD\377-245100_1\377-T1.png,MPHD\377-245100_1\377-T2-1.png,MPHD\377-245100_1\377-245100_1.json,MPHD\377-245100_1\Chars,80,368,58,249,138,617,5,4,9
378,25,5,Postgraduate,1,Male,0,Right-handed,0,No glasses,1,Sport,MPHD\378-255100_1\378-255100_1.png,MPHD\378-255100_1\378-T1.png,MPHD\378-255100_1\378-T2-1.png,MPHD\378-255100_1\378-255100_1.json,MPHD\378-255100_1\Chars,80,368,71,304,151,672,5,5,10
379,25,5,Postgraduate,1,Male,0,Right-handed,0,No glasses,1,Sport,MPHD\379-255100_1\379-255100_1.png,MPHD\379-255100_1\379-T1.png,MPHD\379-255100_1\379-T2-1.png,MPHD\379-255100_1\379-255100_1.json,MPHD\379-255100_1\Chars,80,368,66,267,146,635,6,5,11
380,24,5,Postgraduate,1,Male,0,Right-handed,0,No glasses,1,Sport,MPHD\380-245100_1\380-245100_1.png,MPHD\380-245100_1\380-T1.png,MPHD\380-245100_1\380-T2-1.png,MPHD\380-245100_1\380-245100_1.json,MPHD\380-245100_1\Chars,80,368,65,271,145,639,6,4,10
381,24,5,Postgraduate,1,Male,0,Right-handed,1,Uses glasses,1,Sport,MPHD\381-245101_1\381-245101_1.png,MPHD\381-245101_1\381-T1.png,MPHD\381-245101_1\381-T2-1.png,MPHD\381-245101_1\381-245101_1.json,MPHD\381-245101_1\Chars,80,368,67,270,147,638,5,4,9
382,28,5,Postgraduate,1,Male,0,Right-handed,0,No glasses,1,Sport,MPHD\382-285100_1\382-285100_1.png,MPHD\382-285100_1\382-T1.png,MPHD\382-285100_1\382-T2-1.png,MPHD\382-285100_1\382-285100_1.json,MPHD\382-285100_1\Chars,80,368,56,243,136,611,8,5,13
383,24,5,Postgraduate,1,Male,0,Right-handed,1,Uses glasses,1,Sport,MPHD\383-245101_1\383-245101_1.png,MPHD\383-245101_1\383-T1.png,MPHD\383-245101_1\383-T2-1.png,MPHD\383-245101_1\383-245101_1.json,MPHD\383-245101_1\Chars,80,368,64,272,144,640,6,4,10
384,24,5,Postgraduate,1,Male,0,Right-handed,1,Uses glasses,1,Sport,MPHD\384-245101_1\384-245101_1.png,MPHD\384-245101_1\384-T1.png,MPHD\384-245101_1\384-T2-1.png,MPHD\384-245101_1\384-245101_1.json,MPHD\384-245101_1\Chars,80,368,60,251,140,619,5,4,9
385,23,5,Postgraduate,1,Male,0,Right-handed,0,No glasses,1,Sport,MPHD\385-235100_1\385-235100_1.png,MPHD\385-235100_1\385-T1.png,MPHD\385-235100_1\385-T2-1.png,MPHD\385-235100_1\385-235100_1.json,MPHD\385-235100_1\Chars,80,368,82,317,162,685,5,4,9
386,26,5,Postgraduate,1,Male,0,Right-handed,0,No glasses,1,Sport,MPHD\386-265100_1\386-265100_1.png,MPHD\386-265100_1\386-T1.png,MPHD\386-265100_1\386-T2-1.png,MPHD\386-265100_1\386-265100_1.json,MPHD\386-265100_1\Chars,80,368,63,257,143,625,6,5,11
387,26,5,Postgraduate,1,Male,0,Right-handed,0,No glasses,3,Technology,MPHD\387-265100_3\387-265100_3.png,MPHD\387-265100_3\387-T1.png,MPHD\387-265100_3\387-T2-3.png,MPHD\387-265100_3\387-265100_3.json,MPHD\387-265100_3\Chars,80,368,68,296,148,664,5,5,10
388,27,5,Postgraduate,1,Male,0,Right-handed,1,Uses glasses,1,Sport,MPHD\388-275101_1\388-275101_1.png,MPHD\388-275101_1\388-T1.png,MPHD\388-275101_1\388-T2-1.png,MPHD\388-275101_1\388-275101_1.json,MPHD\388-275101_1\Chars,80,368,78,315,158,683,5,4,9
389,35,5,Postgraduate,1,Male,0,Right-handed,1,Uses glasses,3,Technology,MPHD\389-355101_3\389-355101_3.png,MPHD\389-355101_3\389-T1.png,MPHD\389-355101_3\389-T2-3.png,MPHD\389-355101_3\389-355101_3.json,MPHD\389-355101_3\Chars,80,368,74,307,154,675,6,5,11
390,23,5,Postgraduate,1,Male,0,Right-handed,0,No glasses,3,Technology,MPHD\390-235100_3\390-235100_3.png,MPHD\390-235100_3\390-T1.png,MPHD\390-235100_3\390-T2-3.png,MPHD\390-235100_3\390-235100_3.json,MPHD\390-235100_3\Chars,80,368,58,258,138,626,7,5,12
391,25,5,Postgraduate,1,Male,1,Left-handed,0,No glasses,1,Sport,MPHD\391-255110_1\391-255110_1.png,MPHD\391-255110_1\391-T1.png,MPHD\391-255110_1\391-T2-1.png,MPHD\391-255110_1\391-255110_1.json,MPHD\391-255110_1\Chars,80,368,67,296,147,664,5,4,9
392,26,5,Postgraduate,1,Male,0,Right-handed,0,No glasses,3,Technology,MPHD\392-265100_3\392-265100_3.png,MPHD\392-265100_3\392-T1.png,MPHD\392-265100_3\392-T2-3.png,MPHD\392-265100_3\392-265100_3.json,MPHD\392-265100_3\Chars,80,368,52,238,132,606,6,3,9
393,23,5,Postgraduate,1,Male,0,Right-handed,0,No glasses,1,Sport,MPHD\393-235100_1\393-235100_1.png,MPHD\393-235100_1\393-T1.png,MPHD\393-235100_1\393-T2-1.png,MPHD\393-235100_1\393-235100_1.json,MPHD\393-235100_1\Chars,80,368,56,246,136,614,5,4,9
394,27,5,Postgraduate,1,Male,0,Right-handed,1,Uses glasses,1,Sport,MPHD\394-275101_1\394-275101_1.png,MPHD\394-275101_1\394-T1.png,MPHD\394-275101_1\394-T2-1.png,MPHD\394-275101_1\394-275101_1.json,MPHD\394-275101_1\Chars,80,368,53,222,133,590,6,4,10
395,26,5,Postgraduate,1,Male,0,Right-handed,1,Uses glasses,1,Sport,MPHD\395-265101_1\395-265101_1.png,MPHD\395-265101_1\395-T1.png,MPHD\395-265101_1\395-T2-1.png,MPHD\395-265101_1\395-265101_1.json,MPHD\395-265101_1\Chars,80,368,53,207,133,575,6,4,10
396,22,5,Postgraduate,1,Male,0,Right-handed,1,Uses glasses,1,Sport,MPHD\396-225101_1\396-225101_1.png,MPHD\396-225101_1\396-T1.png,MPHD\396-225101_1\396-T2-1.png,MPHD\396-225101_1\396-225101_1.json,MPHD\396-225101_1\Chars,80,368,60,254,140,622,5,4,9
397,23,5,Postgraduate,1,Male,0,Right-handed,0,No glasses,1,Sport,MPHD\397-235100_1\397-235100_1.png,MPHD\397-235100_1\397-T1.png,MPHD\397-235100_1\397-T2-1.png,MPHD\397-235100_1\397-235100_1.json,MPHD\397-235100_1\Chars,80,368,71,300,151,668,6,5,11
398,31,5,Postgraduate,1,Male,0,Right-handed,0,No glasses,1,Sport,MPHD\398-315100_1\398-315100_1.png,MPHD\398-315100_1\398-T1.png,MPHD\398-315100_1\398-T2-1.png,MPHD\398-315100_1\398-315100_1.json,MPHD\398-315100_1\Chars,80,368,83,323,163,691,5,5,10
399,32,5,Postgraduate,1,Male,0,Right-handed,0,No glasses,1,Sport,MPHD\399-325100_1\399-325100_1.png,MPHD\399-325100_1\399-T1.png,MPHD\399-325100_1\399-T2-1.png,MPHD\399-325100_1\399-325100_1.json,MPHD\399-325100_1\Chars,80,368,74,294,154,662,6,5,11
400,33,5,Postgraduate,1,Male,0,Right-handed,1,Uses glasses,3,Technology,MPHD\400-335101_3\400-335101_3.png,MPHD\400-335101_3\400-T1.png,MPHD\400-335101_3\400-T2-3.png,MPHD\400-335101_3\400-335101_3.json,MPHD\400-335101_3\Chars,80,368,68,309,148,677,5,5,10
401,29,5,Postgraduate,0,Female,0,Right-handed,1,Uses glasses,2,Health,MPHD\401-295001_2\401-295001_2.png,MPHD\401-295001_2\401-T1.png,MPHD\401-295001_2\401-T2-2.png,MPHD\401-295001_2\401-295001_2.json,MPHD\401-295001_2\Chars,80,368,45,183,125,551,5,3,8
402,24,5,Postgraduate,0,Female,0,Right-handed,0,No glasses,2,Health,MPHD\402-245000_2\402-245000_2.png,MPHD\402-245000_2\402-T1.png,MPHD\402-245000_2\402-T2-2.png,MPHD\402-245000_2\402-245000_2.json,MPHD\402-245000_2\Chars,80,368,38,164,118,532,5,3,8
403,24,5,Postgraduate,0,Female,0,Right-handed,0,No glasses,2,Health,MPHD\403-245000_2\403-245000_2.png,MPHD\403-245000_2\403-T1.png,MPHD\403-245000_2\403-T2-2.png,MPHD\403-245000_2\403-245000_2.json,MPHD\403-245000_2\Chars,80,368,57,247,137,615,6,4,10
404,23,5,Postgraduate,0,Female,0,Right-handed,1,Uses glasses,2,Health,MPHD\404-235001_2\404-235001_2.png,MPHD\404-235001_2\404-T1.png,MPHD\404-235001_2\404-T2-2.png,MPHD\404-235001_2\404-235001_2.json,MPHD\404-235001_2\Chars,80,368,86,351,166,719,5,5,10
405,26,5,Postgraduate,0,Female,1,Left-handed,1,Uses glasses,2,Health,MPHD\405-265011_2\405-265011_2.png,MPHD\405-265011_2\405-T1.png,MPHD\405-265011_2\405-T2-2.png,MPHD\405-265011_2\405-265011_2.json,MPHD\405-265011_2\Chars,77,346,59,233,136,579,5,4,9
406,23,5,Postgraduate,0,Female,0,Right-handed,1,Uses glasses,2,Health,MPHD\406-235001_2\406-235001_2.png,MPHD\406-235001_2\406-T1.png,MPHD\406-235001_2\406-T2-2.png,MPHD\406-235001_2\406-235001_2.json,MPHD\406-235001_2\Chars,80,368,28,123,108,491,5,2,7
407,24,5,Postgraduate,0,Female,0,Right-handed,0,No glasses,2,Health,MPHD\407-245000_2\407-245000_2.png,MPHD\407-245000_2\407-T1.png,MPHD\407-245000_2\407-T2-2.png,MPHD\407-245000_2\407-245000_2.json,MPHD\407-245000_2\Chars,80,368,53,213,133,581,5,3,8
408,30,5,Postgraduate,0,Female,0,Right-handed,0,No glasses,2,Health,MPHD\408-305000_2\408-305000_2.png,MPHD\408-305000_2\408-T1.png,MPHD\408-305000_2\408-T2-2.png,MPHD\408-305000_2\408-305000_2.json,MPHD\408-305000_2\Chars,80,368,39,154,119,522,5,3,8
409,23,5,Postgraduate,0,Female,0,Right-handed,1,Uses glasses,2,Health,MPHD\409-235001_2\409-235001_2.png,MPHD\409-235001_2\409-T1.png,MPHD\409-235001_2\409-T2-2.png,MPHD\409-235001_2\409-235001_2.json,MPHD\409-235001_2\Chars,80,368,41,165,121,533,5,3,8
410,29,5,Postgraduate,0,Female,0,Right-handed,1,Uses glasses,1,Sport,MPHD\410-295001_1\410-295001_1.png,MPHD\410-295001_1\410-T1.png,MPHD\410-295001_1\410-T2-1.png,MPHD\410-295001_1\410-295001_1.json,MPHD\410-295001_1\Chars,80,368,62,274,142,642,5,3,8
411,26,5,Postgraduate,0,Female,0,Right-handed,0,No glasses,1,Sport,MPHD\411-265000_1\411-265000_1.png,MPHD\411-265000_1\411-T1.png,MPHD\411-265000_1\411-T2-1.png,MPHD\411-265000_1\411-265000_1.json,MPHD\411-265000_1\Chars,80,368,77,310,157,678,5,4,9
412,23,5,Postgraduate,0,Female,0,Right-handed,1,Uses glasses,1,Sport,MPHD\412-235001_1\412-235001_1.png,MPHD\412-235001_1\412-T1.png,MPHD\412-235001_1\412-T2-1.png,MPHD\412-235001_1\412-235001_1.json,MPHD\412-235001_1\Chars,80,368,74,317,154,685,6,5,11
413,24,5,Postgraduate,0,Female,0,Right-handed,0,No glasses,1,Sport,MPHD\413-245000_1\413-245000_1.png,MPHD\413-245000_1\413-T1.png,MPHD\413-245000_1\413-T2-1.png,MPHD\413-245000_1\413-245000_1.json,MPHD\413-245000_1\Chars,80,368,78,321,158,689,6,5,11
414,25,5,Postgraduate,0,Female,0,Right-handed,0,No glasses,1,Sport,MPHD\414-255000_1\414-255000_1.png,MPHD\414-255000_1\414-T1.png,MPHD\414-255000_1\414-T2-1.png,MPHD\414-255000_1\414-255000_1.json,MPHD\414-255000_1\Chars,80,368,47,193,127,561,6,3,9
415,24,5,Postgraduate,0,Female,0,Right-handed,0,No glasses,1,Sport,MPHD\415-245000_1\415-245000_1.png,MPHD\415-245000_1\415-T1.png,MPHD\415-245000_1\415-T2-1.png,MPHD\415-245000_1\415-245000_1.json,MPHD\415-245000_1\Chars,80,368,39,148,119,516,6,3,9
416,27,5,Postgraduate,0,Female,0,Right-handed,1,Uses glasses,1,Sport,MPHD\416-275001_1\416-275001_1.png,MPHD\416-275001_1\416-T1.png,MPHD\416-275001_1\416-T2-1.png,MPHD\416-275001_1\416-275001_1.json,MPHD\416-275001_1\Chars,80,368,51,192,131,560,5,3,8
417,25,5,Postgraduate,0,Female,0,Right-handed,0,No glasses,1,Sport,MPHD\417-255000_1\417-255000_1.png,MPHD\417-255000_1\417-T1.png,MPHD\417-255000_1\417-T2-1.png,MPHD\417-255000_1\417-255000_1.json,MPHD\417-255000_1\Chars,80,368,76,288,156,656,5,4,9
418,26,5,Postgraduate,0,Female,0,Right-handed,1,Uses glasses,2,Health,MPHD\418-265001_2\418-265001_2.png,MPHD\418-265001_2\418-T1.png,MPHD\418-265001_2\418-T2-2.png,MPHD\418-265001_2\418-265001_2.json,MPHD\418-265001_2\Chars,80,368,55,234,135,602,5,4,9
419,25,5,Postgraduate,0,Female,0,Right-handed,0,No glasses,2,Health,MPHD\419-255000_2\419-255000_2.png,MPHD\419-255000_2\419-T1.png,MPHD\419-255000_2\419-T2-2.png,MPHD\419-255000_2\419-255000_2.json,MPHD\419-255000_2\Chars,80,368,38,165,118,533,5,2,7
420,24,5,Postgraduate,0,Female,0,Right-handed,1,Uses glasses,2,Health,MPHD\420-245001_2\420-245001_2.png,MPHD\420-245001_2\420-T1.png,MPHD\420-245001_2\420-T2-2.png,MPHD\420-245001_2\420-245001_2.json,MPHD\420-245001_2\Chars,80,368,53,238,133,606,5,3,8
421,28,5,Postgraduate,0,Female,1,Left-handed,0,No glasses,2,Health,MPHD\421-285010_2\421-285010_2.png,MPHD\421-285010_2\421-T1.png,MPHD\421-285010_2\421-T2-2.png,MPHD\421-285010_2\421-285010_2.json,MPHD\421-285010_2\Chars,80,368,36,164,116,532,6,3,9
422,28,5,Postgraduate,0,Female,0,Right-handed,0,No glasses,2,Health,MPHD\422-285000_2\422-285000_2.png,MPHD\422-285000_2\422-T1.png,MPHD\422-285000_2\422-T2-2.png,MPHD\422-285000_2\422-285000_2.json,MPHD\422-285000_2\Chars,80,368,57,182,137,550,6,3,9
423,24,5,Postgraduate,0,Female,0,Right-handed,0,No glasses,2,Health,MPHD\423-245000_2\423-245000_2.png,MPHD\423-245000_2\423-T1.png,MPHD\423-245000_2\423-T2-2.png,MPHD\423-245000_2\423-245000_2.json,MPHD\423-245000_2\Chars,80,368,57,233,137,601,6,3,9
424,26,5,Postgraduate,0,Female,0,Right-handed,0,No glasses,2,Health,MPHD\424-265000_2\424-265000_2.png,MPHD\424-265000_2\424-T1.png,MPHD\424-265000_2\424-T2-2.png,MPHD\424-265000_2\424-265000_2.json,MPHD\424-265000_2\Chars,80,368,57,229,137,597,5,3,8
425,35,5,Postgraduate,0,Female,0,Right-handed,1,Uses glasses,2,Health,MPHD\425-355001_2\425-355001_2.png,MPHD\425-355001_2\425-T1.png,MPHD\425-355001_2\425-T2-2.png,MPHD\425-355001_2\425-355001_2.json,MPHD\425-355001_2\Chars,80,368,43,172,123,540,6,3,9
426,27,5,Postgraduate,0,Female,1,Left-handed,0,No glasses,1,Sport,MPHD\426-275010_1\426-275010_1.png,MPHD\426-275010_1\426-T1.png,MPHD\426-275010_1\426-T2-1.png,MPHD\426-275010_1\426-275010_1.json,MPHD\426-275010_1\Chars,80,368,55,255,135,623,5,4,9
427,36,5,Postgraduate,0,Female,0,Right-handed,1,Uses glasses,1,Sport,MPHD\427-365001_1\427-365001_1.png,MPHD\427-365001_1\427-T1.png,MPHD\427-365001_1\427-T2-1.png,MPHD\427-365001_1\427-365001_1.json,MPHD\427-365001_1\Chars,80,368,51,210,131,578,6,3,9
428,24,5,Postgraduate,0,Female,0,Right-handed,0,No glasses,1,Sport,MPHD\428-245000_1\428-245000_1.png,MPHD\428-245000_1\428-T1.png,MPHD\428-245000_1\428-T2-1.png,MPHD\428-245000_1\428-245000_1.json,MPHD\428-245000_1\Chars,80,368,90,375,170,743,6,6,12
429,25,5,Postgraduate,0,Female,0,Right-handed,0,No glasses,1,Sport,MPHD\429-255000_1\429-255000_1.png,MPHD\429-255000_1\429-T1.png,MPHD\429-255000_1\429-T2-1.png,MPHD\429-255000_1\429-255000_1.json,MPHD\429-255000_1\Chars,80,368,81,335,161,703,5,5,10
430,25,5,Postgraduate,0,Female,0,Right-handed,1,Uses glasses,1,Sport,MPHD\430-255001_1\430-255001_1.png,MPHD\430-255001_1\430-T1.png,MPHD\430-255001_1\430-T2-1.png,MPHD\430-255001_1\430-255001_1.json,MPHD\430-255001_1\Chars,80,368,82,345,162,713,6,5,11
431,25,5,Postgraduate,0,Female,1,Left-handed,1,Uses glasses,2,Health,MPHD\431-255011_2\431-255011_2.png,MPHD\431-255011_2\431-T1.png,MPHD\431-255011_2\431-T2-2.png,MPHD\431-255011_2\431-255011_2.json,MPHD\431-255011_2\Chars,80,368,48,200,128,568,4,3,7
432,25,5,Postgraduate,0,Female,0,Right-handed,0,No glasses,2,Health,MPHD\432-255000_2\432-255000_2.png,MPHD\432-255000_2\432-T1.png,MPHD\432-255000_2\432-T2-2.png,MPHD\432-255000_2\432-255000_2.json,MPHD\432-255000_2\Chars,80,368,54,204,134,572,5,3,8
433,23,5,Postgraduate,0,Female,0,Right-handed,0,No glasses,1,Sport,MPHD\433-235000_1\433-235000_1.png,MPHD\433-235000_1\433-T1.png,MPHD\433-235000_1\433-T2-1.png,MPHD\433-235000_1\433-235000_1.json,MPHD\433-235000_1\Chars,80,368,83,342,163,710,5,4,9
434,25,5,Postgraduate,0,Female,0,Right-handed,0,No glasses,2,Health,MPHD\434-255000_2\434-255000_2.png,MPHD\434-255000_2\434-T1.png,MPHD\434-255000_2\434-T2-2.png,MPHD\434-255000_2\434-255000_2.json,MPHD\434-255000_2\Chars,80,368,56,267,136,635,5,5,10
435,29,5,Postgraduate,0,Female,0,Right-handed,0,No glasses,1,Sport,MPHD\435-295000_1\435-295000_1.png,MPHD\435-295000_1\435-T1.png,MPHD\435-295000_1\435-T2-1.png,MPHD\435-295000_1\435-295000_1.json,MPHD\435-295000_1\Chars,80,368,55,259,135,627,6,5,11
436,27,5,Postgraduate,0,Female,0,Right-handed,0,No glasses,2,Health,MPHD\436-275000_2\436-275000_2.png,MPHD\436-275000_2\436-T1.png,MPHD\436-275000_2\436-T2-2.png,MPHD\436-275000_2\436-275000_2.json,MPHD\436-275000_2\Chars,80,368,79,333,159,701,5,4,9
437,27,5,Postgraduate,0,Female,0,Right-handed,1,Uses glasses,1,Sport,MPHD\437-275001_1\437-275001_1.png,MPHD\437-275001_1\437-T1.png,MPHD\437-275001_1\437-T2-1.png,MPHD\437-275001_1\437-275001_1.json,MPHD\437-275001_1\Chars,80,368,66,302,146,670,6,5,11
438,24,5,Postgraduate,0,Female,0,Right-handed,1,Uses glasses,2,Health,MPHD\438-245001_2\438-245001_2.png,MPHD\438-245001_2\438-T1.png,MPHD\438-245001_2\438-T2-2.png,MPHD\438-245001_2\438-245001_2.json,MPHD\438-245001_2\Chars,80,368,87,353,167,721,5,4,9
439,24,5,Postgraduate,0,Female,0,Right-handed,0,No glasses,2,Health,MPHD\439-245000_2\439-245000_2.png,MPHD\439-245000_2\439-T1.png,MPHD\439-245000_2\439-T2-2.png,MPHD\439-245000_2\439-245000_2.json,MPHD\439-245000_2\Chars,80,368,76,315,156,683,5,4,9
440,27,5,Postgraduate,0,Female,0,Right-handed,1,Uses glasses,2,Health,MPHD\440-275001_2\440-275001_2.png,MPHD\440-275001_2\440-T1.png,MPHD\440-275001_2\440-T2-2.png,MPHD\440-275001_2\440-275001_2.json,MPHD\440-275001_2\Chars,80,368,57,261,137,629,6,4,10
441,28,5,Postgraduate,0,Female,0,Right-handed,0,No glasses,2,Health,MPHD\441-285000_2\441-285000_2.png,MPHD\441-285000_2\441-T1.png,MPHD\441-285000_2\441-T2-2.png,MPHD\441-285000_2\441-285000_2.json,MPHD\441-285000_2\Chars,80,368,92,356,172,724,5,5,10
442,24,5,Postgraduate,0,Female,0,Right-handed,0,No glasses,1,Sport,MPHD\442-245000_1\442-245000_1.png,MPHD\442-245000_1\442-T1.png,MPHD\442-245000_1\442-T2-1.png,MPHD\442-245000_1\442-245000_1.json,MPHD\442-245000_1\Chars,80,368,58,262,138,630,5,4,9
443,27,5,Postgraduate,0,Female,0,Right-handed,1,Uses glasses,1,Sport,MPHD\443-275001_1\443-275001_1.png,MPHD\443-275001_1\443-T1.png,MPHD\443-275001_1\443-T2-1.png,MPHD\443-275001_1\443-275001_1.json,MPHD\443-275001_1\Chars,80,368,94,377,174,745,7,7,14
444,20,4,Bachelor,0,Female,0,Right-handed,0,No glasses,1,Sport,MPHD\444-204000_1\444-204000_1.png,MPHD\444-204000_1\444-T1.png,MPHD\444-204000_1\444-T2-1.png,MPHD\444-204000_1\444-204000_1.json,MPHD\444-204000_1\Chars,80,368,60,250,140,618,4,3,7
445,23,5,Postgraduate,0,Female,0,Right-handed,1,Uses glasses,1,Sport,MPHD\445-235001_1\445-235001_1.png,MPHD\445-235001_1\445-T1.png,MPHD\445-235001_1\445-T2-1.png,MPHD\445-235001_1\445-235001_1.json,MPHD\445-235001_1\Chars,80,368,69,289,149,657,5,3,8
446,25,5,Postgraduate,0,Female,0,Right-handed,1,Uses glasses,1,Sport,MPHD\446-255001_1\446-255001_1.png,MPHD\446-255001_1\446-T1.png,MPHD\446-255001_1\446-T2-1.png,MPHD\446-255001_1\446-255001_1.json,MPHD\446-255001_1\Chars,80,368,92,367,172,735,5,5,10
447,27,5,Postgraduate,0,Female,0,Right-handed,0,No glasses,2,Health,MPHD\447-275000_2\447-275000_2.png,MPHD\447-275000_2\447-T1.png,MPHD\447-275000_2\447-T2-2.png,MPHD\447-275000_2\447-275000_2.json,MPHD\447-275000_2\Chars,80,368,68,285,148,653,6,4,10
448,25,5,Postgraduate,0,Female,0,Right-handed,0,No glasses,2,Health,MPHD\448-255000_2\448-255000_2.png,MPHD\448-255000_2\448-T1.png,MPHD\448-255000_2\448-T2-2.png,MPHD\448-255000_2\448-255000_2.json,MPHD\448-255000_2\Chars,80,368,69,273,149,641,5,4,9
449,26,5,Postgraduate,0,Female,0,Right-handed,1,Uses glasses,2,Health,MPHD\449-265001_2\449-265001_2.png,MPHD\449-265001_2\449-T1.png,MPHD\449-265001_2\449-T2-2.png,MPHD\449-265001_2\449-265001_2.json,MPHD\449-265001_2\Chars,80,368,54,216,134,584,5,3,8
450,25,5,Postgraduate,0,Female,0,Right-handed,1,Uses glasses,1,Sport,MPHD\450-255001_1\450-255001_1.png,MPHD\450-255001_1\450-T1.png,MPHD\450-255001_1\450-T2-1.png,MPHD\450-255001_1\450-255001_1.json,MPHD\450-255001_1\Chars,80,368,105,418,185,786,5,5,10
451,19,4,Bachelor,0,Female,0,Right-handed,0,No glasses,1,Sport,MPHD\451-194000_1\451-194000_1.png,MPHD\451-194000_1\451-T1.png,MPHD\451-194000_1\451-T2-1.png,MPHD\451-194000_1\451-194000_1.json,MPHD\451-194000_1\Chars,80,368,71,271,151,639,5,4,9
452,21,4,Bachelor,0,Female,0,Right-handed,0,No glasses,1,Sport,MPHD\452-214000_1\452-214000_1.png,MPHD\452-214000_1\452-T1.png,MPHD\452-214000_1\452-T2-1.png,MPHD\452-214000_1\452-214000_1.json,MPHD\452-214000_1\Chars,80,368,67,249,147,617,5,3,8
453,19,4,Bachelor,0,Female,0,Right-handed,0,No glasses,1,Sport,MPHD\453-194000_1\453-194000_1.png,MPHD\453-194000_1\453-T1.png,MPHD\453-194000_1\453-T2-1.png,MPHD\453-194000_1\453-194000_1.json,MPHD\453-194000_1\Chars,80,368,64,268,144,636,5,4,9
454,19,4,Bachelor,0,Female,0,Right-handed,1,Uses glasses,1,Sport,MPHD\454-194001_1\454-194001_1.png,MPHD\454-194001_1\454-T1.png,MPHD\454-194001_1\454-T2-1.png,MPHD\454-194001_1\454-194001_1.json,MPHD\454-194001_1\Chars,80,368,71,265,151,633,5,4,9
455,22,4,Bachelor,0,Female,0,Right-handed,1,Uses glasses,1,Sport,MPHD\455-224001_1\455-224001_1.png,MPHD\455-224001_1\455-T1.png,MPHD\455-224001_1\455-T2-1.png,MPHD\455-224001_1\455-224001_1.json,MPHD\455-224001_1\Chars,80,368,70,268,150,636,5,3,8
456,20,4,Bachelor,0,Female,1,Left-handed,0,No glasses,1,Sport,MPHD\456-204010_1\456-204010_1.png,MPHD\456-204010_1\456-T1.png,MPHD\456-204010_1\456-T2-1.png,MPHD\456-204010_1\456-204010_1.json,MPHD\456-204010_1\Chars,80,368,65,276,145,644,5,4,9
457,21,4,Bachelor,0,Female,1,Left-handed,0,No glasses,1,Sport,MPHD\457-214010_1\457-214010_1.png,MPHD\457-214010_1\457-T1.png,MPHD\457-214010_1\457-T2-1.png,MPHD\457-214010_1\457-214010_1.json,MPHD\457-214010_1\Chars,80,368,86,343,166,711,5,5,10
458,21,4,Bachelor,0,Female,0,Right-handed,0,No glasses,1,Sport,MPHD\458-214000_1\458-214000_1.png,MPHD\458-214000_1\458-T1.png,MPHD\458-214000_1\458-T2-1.png,MPHD\458-214000_1\458-214000_1.json,MPHD\458-214000_1\Chars,80,368,39,191,119,559,5,3,8
459,22,4,Bachelor,0,Female,0,Right-handed,0,No glasses,1,Sport,MPHD\459-224000_1\459-224000_1.png,MPHD\459-224000_1\459-T1.png,MPHD\459-224000_1\459-T2-1.png,MPHD\459-224000_1\459-224000_1.json,MPHD\459-224000_1\Chars,80,368,73,315,153,683,5,4,9
460,21,4,Bachelor,0,Female,0,Right-handed,1,Uses glasses,1,Sport,MPHD\460-214001_1\460-214001_1.png,MPHD\460-214001_1\460-T1.png,MPHD\460-214001_1\460-T2-1.png,MPHD\460-214001_1\460-214001_1.json,MPHD\460-214001_1\Chars,80,368,87,344,167,712,5,5,10
461,21,4,Bachelor,0,Female,0,Right-handed,0,No glasses,1,Sport,MPHD\461-214000_1\461-214000_1.png,MPHD\461-214000_1\461-T1.png,MPHD\461-214000_1\461-T2-1.png,MPHD\461-214000_1\461-214000_1.json,MPHD\461-214000_1\Chars,80,368,50,199,130,567,4,2,6
462,21,4,Bachelor,0,Female,1,Left-handed,0,No glasses,1,Sport,MPHD\462-214010_1\462-214010_1.png,MPHD\462-214010_1\462-T1.png,MPHD\462-214010_1\462-T2-1.png,MPHD\462-214010_1\462-214010_1.json,MPHD\462-214010_1\Chars,80,368,87,339,167,707,6,5,11
463,19,4,Bachelor,0,Female,0,Right-handed,1,Uses glasses,1,Sport,MPHD\463-194001_1\463-194001_1.png,MPHD\463-194001_1\463-T1.png,MPHD\463-194001_1\463-T2-1.png,MPHD\463-194001_1\463-194001_1.json,MPHD\463-194001_1\Chars,80,368,74,320,154,688,5,5,10
464,19,4,Bachelor,0,Female,0,Right-handed,0,No glasses,1,Sport,MPHD\464-194000_1\464-194000_1.png,MPHD\464-194000_1\464-T1.png,MPHD\464-194000_1\464-T2-1.png,MPHD\464-194000_1\464-194000_1.json,MPHD\464-194000_1\Chars,80,368,65,292,145,660,6,5,11
465,20,4,Bachelor,0,Female,0,Right-handed,1,Uses glasses,1,Sport,MPHD\465-204001_1\465-204001_1.png,MPHD\465-204001_1\465-T1.png,MPHD\465-204001_1\465-T2-1.png,MPHD\465-204001_1\465-204001_1.json,MPHD\465-204001_1\Chars,80,368,56,248,136,616,5,4,9
466,23,4,Bachelor,0,Female,0,Right-handed,0,No glasses,1,Sport,MPHD\466-234000_1\466-234000_1.png,MPHD\466-234000_1\466-T1.png,MPHD\466-234000_1\466-T2-1.png,MPHD\466-234000_1\466-234000_1.json,MPHD\466-234000_1\Chars,80,368,57,242,137,610,5,3,8
467,25,4,Bachelor,0,Female,0,Right-handed,0,No glasses,2,Health,MPHD\467-254000_2\467-254000_2.png,MPHD\467-254000_2\467-T1.png,MPHD\467-254000_2\467-T2-2.png,MPHD\467-254000_2\467-254000_2.json,MPHD\467-254000_2\Chars,80,368,100,404,180,772,6,6,12
468,23,4,Bachelor,0,Female,0,Right-handed,0,No glasses,1,Sport,MPHD\468-234000_1\468-234000_1.png,MPHD\468-234000_1\468-T1.png,MPHD\468-234000_1\468-T2-1.png,MPHD\468-234000_1\468-234000_1.json,MPHD\468-234000_1\Chars,80,368,92,363,172,731,5,5,10
469,21,4,Bachelor,0,Female,0,Right-handed,0,No glasses,1,Sport,MPHD\469-214000_1\469-214000_1.png,MPHD\469-214000_1\469-T1.png,MPHD\469-214000_1\469-T2-1.png,MPHD\469-214000_1\469-214000_1.json,MPHD\469-214000_1\Chars,80,368,76,332,156,700,5,5,10
470,20,4,Bachelor,0,Female,0,Right-handed,0,No glasses,1,Sport,MPHD\470-204000_1\470-204000_1.png,MPHD\470-204000_1\470-T1.png,MPHD\470-204000_1\470-T2-1.png,MPHD\470-204000_1\470-204000_1.json,MPHD\470-204000_1\Chars,80,368,79,323,159,691,5,4,9
471,21,4,Bachelor,0,Female,0,Right-handed,0,No glasses,2,Health,MPHD\471-214000_2\471-214000_2.png,MPHD\471-214000_2\471-T1.png,MPHD\471-214000_2\471-T2-2.png,MPHD\471-214000_2\471-214000_2.json,MPHD\471-214000_2\Chars,80,368,67,245,147,613,6,4,10
472,22,4,Bachelor,0,Female,0,Right-handed,0,No glasses,1,Sport,MPHD\472-224000_1\472-224000_1.png,MPHD\472-224000_1\472-T1.png,MPHD\472-224000_1\472-T2-1.png,MPHD\472-224000_1\472-224000_1.json,MPHD\472-224000_1\Chars,80,368,55,206,135,574,5,3,8
473,23,4,Bachelor,0,Female,0,Right-handed,1,Uses glasses,1,Sport,MPHD\473-234001_1\473-234001_1.png,MPHD\473-234001_1\473-T1.png,MPHD\473-234001_1\473-T2-1.png,MPHD\473-234001_1\473-234001_1.json,MPHD\473-234001_1\Chars,80,368,56,207,136,575,6,4,10
474,19,4,Bachelor,0,Female,0,Right-handed,0,No glasses,2,Health,MPHD\474-194000_2\474-194000_2.png,MPHD\474-194000_2\474-T1.png,MPHD\474-194000_2\474-T2-2.png,MPHD\474-194000_2\474-194000_2.json,MPHD\474-194000_2\Chars,80,368,37,152,117,520,5,3,8
475,20,4,Bachelor,0,Female,0,Right-handed,1,Uses glasses,2,Health,MPHD\475-204001_2\475-204001_2.png,MPHD\475-204001_2\475-T1.png,MPHD\475-204001_2\475-T2-2.png,MPHD\475-204001_2\475-204001_2.json,MPHD\475-204001_2\Chars,80,368,78,293,158,661,6,4,10
476,21,4,Bachelor,0,Female,0,Right-handed,1,Uses glasses,2,Health,MPHD\476-214001_2\476-214001_2.png,MPHD\476-214001_2\476-T1.png,MPHD\476-214001_2\476-T2-2.png,MPHD\476-214001_2\476-214001_2.json,MPHD\476-214001_2\Chars,80,368,51,214,131,582,5,3,8
477,20,4,Bachelor,0,Female,0,Right-handed,0,No glasses,2,Health,MPHD\477-204000_2\477-204000_2.png,MPHD\477-204000_2\477-T1.png,MPHD\477-204000_2\477-T2-2.png,MPHD\477-204000_2\477-204000_2.json,MPHD\477-204000_2\Chars,77,346,66,254,143,600,5,4,9
478,20,4,Bachelor,0,Female,0,Right-handed,0,No glasses,2,Health,MPHD\478-204000_2\478-204000_2.png,MPHD\478-204000_2\478-T1.png,MPHD\478-204000_2\478-T2-2.png,MPHD\478-204000_2\478-204000_2.json,MPHD\478-204000_2\Chars,80,368,75,336,155,704,6,5,11
479,20,4,Bachelor,0,Female,0,Right-handed,1,Uses glasses,2,Health,MPHD\479-204001_2\479-204001_2.png,MPHD\479-204001_2\479-T1.png,MPHD\479-204001_2\479-T2-2.png,MPHD\479-204001_2\479-204001_2.json,MPHD\479-204001_2\Chars,80,368,52,191,132,559,5,3,8
480,20,4,Bachelor,0,Female,0,Right-handed,1,Uses glasses,2,Health,MPHD\480-204001_2\480-204001_2.png,MPHD\480-204001_2\480-T1.png,MPHD\480-204001_2\480-T2-2.png,MPHD\480-204001_2\480-204001_2.json,MPHD\480-204001_2\Chars,80,368,47,237,127,605,5,4,9
481,21,4,Bachelor,0,Female,0,Right-handed,1,Uses glasses,2,Health,MPHD\481-214001_2\481-214001_2.png,MPHD\481-214001_2\481-T1.png,MPHD\481-214001_2\481-T2-2.png,MPHD\481-214001_2\481-214001_2.json,MPHD\481-214001_2\Chars,80,368,61,209,141,577,6,4,10
482,20,4,Bachelor,0,Female,0,Right-handed,0,No glasses,2,Health,MPHD\482-204000_2\482-204000_2.png,MPHD\482-204000_2\482-T1.png,MPHD\482-204000_2\482-T2-2.png,MPHD\482-204000_2\482-204000_2.json,MPHD\482-204000_2\Chars,80,368,55,189,135,557,5,3,8
483,21,4,Bachelor,0,Female,0,Right-handed,0,No glasses,2,Health,MPHD\483-214000_2\483-214000_2.png,MPHD\483-214000_2\483-T1.png,MPHD\483-214000_2\483-T2-2.png,MPHD\483-214000_2\483-214000_2.json,MPHD\483-214000_2\Chars,80,368,61,227,141,595,5,4,9
484,23,4,Bachelor,0,Female,0,Right-handed,0,No glasses,2,Health,MPHD\484-234000_2\484-234000_2.png,MPHD\484-234000_2\484-T1.png,MPHD\484-234000_2\484-T2-2.png,MPHD\484-234000_2\484-234000_2.json,MPHD\484-234000_2\Chars,80,368,53,224,133,592,5,3,8
485,21,4,Bachelor,0,Female,0,Right-handed,0,No glasses,2,Health,MPHD\485-214000_2\485-214000_2.png,MPHD\485-214000_2\485-T1.png,MPHD\485-214000_2\485-T2-2.png,MPHD\485-214000_2\485-214000_2.json,MPHD\485-214000_2\Chars,80,368,46,195,126,563,6,4,10
486,20,4,Bachelor,0,Female,1,Left-handed,0,No glasses,2,Health,MPHD\486-204010_2\486-204010_2.png,MPHD\486-204010_2\486-T1.png,MPHD\486-204010_2\486-T2-2.png,MPHD\486-204010_2\486-204010_2.json,MPHD\486-204010_2\Chars,80,368,62,246,142,614,5,3,8
487,20,4,Bachelor,0,Female,0,Right-handed,0,No glasses,2,Health,MPHD\487-204000_2\487-204000_2.png,MPHD\487-204000_2\487-T1.png,MPHD\487-204000_2\487-T2-2.png,MPHD\487-204000_2\487-204000_2.json,MPHD\487-204000_2\Chars,80,368,67,302,147,670,4,3,7
488,24,4,Bachelor,0,Female,0,Right-handed,0,No glasses,2,Health,MPHD\488-244000_2\488-244000_2.png,MPHD\488-244000_2\488-T1.png,MPHD\488-244000_2\488-T2-2.png,MPHD\488-244000_2\488-244000_2.json,MPHD\488-244000_2\Chars,80,368,59,237,139,605,7,4,11
489,20,4,Bachelor,0,Female,0,Right-handed,0,No glasses,2,Health,MPHD\489-204000_2\489-204000_2.png,MPHD\489-204000_2\489-T1.png,MPHD\489-204000_2\489-T2-2.png,MPHD\489-204000_2\489-204000_2.json,MPHD\489-204000_2\Chars,80,368,44,177,124,545,5,3,8
490,20,4,Bachelor,0,Female,0,Right-handed,0,No glasses,2,Health,MPHD\490-204000_2\490-204000_2.png,MPHD\490-204000_2\490-T1.png,MPHD\490-204000_2\490-T2-2.png,MPHD\490-204000_2\490-204000_2.json,MPHD\490-204000_2\Chars,80,368,71,284,151,652,4,4,8
491,20,4,Bachelor,0,Female,0,Right-handed,1,Uses glasses,1,Sport,MPHD\491-204001_1\491-204001_1.png,MPHD\491-204001_1\491-T1.png,MPHD\491-204001_1\491-T2-1.png,MPHD\491-204001_1\491-204001_1.json,MPHD\491-204001_1\Chars,80,368,66,293,146,661,4,3,7
492,21,4,Bachelor,1,Male,0,Right-handed,1,Uses glasses,1,Sport,MPHD\492-214101_1\492-214101_1.png,MPHD\492-214101_1\492-T1.png,MPHD\492-214101_1\492-T2-1.png,MPHD\492-214101_1\492-214101_1.json,MPHD\492-214101_1\Chars,80,368,61,246,141,614,5,3,8
493,20,4,Bachelor,0,Female,0,Right-handed,0,No glasses,1,Sport,MPHD\493-204000_1\493-204000_1.png,MPHD\493-204000_1\493-T1.png,MPHD\493-204000_1\493-T2-1.png,MPHD\493-204000_1\493-204000_1.json,MPHD\493-204000_1\Chars,80,368,65,290,145,658,5,3,8
494,21,4,Bachelor,0,Female,0,Right-handed,0,No glasses,1,Sport,MPHD\494-214000_1\494-214000_1.png,MPHD\494-214000_1\494-T1.png,MPHD\494-214000_1\494-T2-1.png,MPHD\494-214000_1\494-214000_1.json,MPHD\494-214000_1\Chars,80,368,87,355,167,723,5,4,9
495,21,4,Bachelor,0,Female,0,Right-handed,1,Uses glasses,1,Sport,MPHD\495-214001_1\495-214001_1.png,MPHD\495-214001_1\495-T1.png,MPHD\495-214001_1\495-T2-1.png,MPHD\495-214001_1\495-214001_1.json,MPHD\495-214001_1\Chars,80,368,83,362,163,730,6,6,12
496,19,4,Bachelor,0,Female,0,Right-handed,0,No glasses,1,Sport,MPHD\496-194000_1\496-194000_1.png,MPHD\496-194000_1\496-T1.png,MPHD\496-194000_1\496-T2-1.png,MPHD\496-194000_1\496-194000_1.json,MPHD\496-194000_1\Chars,80,368,57,250,137,618,5,4,9
497,20,4,Bachelor,0,Female,1,Left-handed,1,Uses glasses,1,Sport,MPHD\497-204011_1\497-204011_1.png,MPHD\497-204011_1\497-T1.png,MPHD\497-204011_1\497-T2-1.png,MPHD\497-204011_1\497-204011_1.json,MPHD\497-204011_1\Chars,80,368,50,209,130,577,4,3,7
498,20,4,Bachelor,0,Female,0,Right-handed,0,No glasses,2,Health,MPHD\498-204000_2\498-204000_2.png,MPHD\498-204000_2\498-T1.png,MPHD\498-204000_2\498-T2-2.png,MPHD\498-204000_2\498-204000_2.json,MPHD\498-204000_2\Chars,80,368,68,275,148,643,6,4,10
499,19,4,Bachelor,0,Female,0,Right-handed,0,No glasses,2,Health,MPHD\499-194000_2\499-194000_2.png,MPHD\499-194000_2\499-T1.png,MPHD\499-194000_2\499-T2-2.png,MPHD\499-194000_2\499-194000_2.json,MPHD\499-194000_2\Chars,80,368,56,235,136,603,5,3,8
500,29,4,Bachelor,0,Female,0,Right-handed,1,Uses glasses,2,Health,MPHD\500-294001_2\500-294001_2.png,MPHD\500-294001_2\500-T1.png,MPHD\500-294001_2\500-T2-2.png,MPHD\500-294001_2\500-294001_2.json,MPHD\500-294001_2\Chars,80,368,59,245,139,613,5,3,8
